time,x,y,v1,v2
0,0.0,0.0,0.0,41.988021644439065
0,0.0,0.041666666666666664,2.428513085408581,39.5158722749532
0,0.0,0.08333333333333333,3.070657075859261,41.970308117956286
0,0.0,0.125,3.1319198118917715,42.00502834255234
0,0.0,0.16666666666666666,4.6480339428166255,39.584679116873865
0,0.0,0.20833333333333331,7.104404232630647,43.86497156267818
0,0.0,0.25,0.0,42.780524500528315
0,0.0,0.29166666666666663,1.779112082078706,37.96866474317311
0,0.0,0.3333333333333333,2.380957907422634,40.289393632597026
0,0.0,0.375,0.0,40.25541899618553
0,0.0,0.41666666666666663,0.0,41.60366127793258
0,0.0,0.4583333333333333,0.38721817641677364,38.34188819162305
0,0.0,0.5,0.0,38.77056957959201
0,0.0,0.5416666666666666,0.0,40.76628467294593
0,0.0,0.5833333333333333,3.4214644468122626,42.72190488247361
0,0.0,0.625,0.0,40.03935022641094
0,0.0,0.6666666666666666,0.0,41.74567231291893
0,0.0,0.7083333333333333,3.746642699247403,41.496291588484546
0,0.0,0.75,2.771083052407771,42.0910099837103
0,0.0,0.7916666666666666,6.016747956380584,37.44681040129527
0,0.0,0.8333333333333333,0.0,41.063312718715686
0,0.0,0.875,2.5461584044446726,40.63909331089078
0,0.0,0.9166666666666666,1.7031227833199312,39.1131022802717
0,0.0,0.9583333333333333,0.0,40.02704010064051
0,0.0,1.0,3.3652908740885867,42.85290861371581
0,0.041666666666666664,0.0,0.0,44.35488930151788
0,0.041666666666666664,0.041666666666666664,0.0,44.03277018262062
0,0.041666666666666664,0.08333333333333333,0.0,43.8995418665879
0,0.041666666666666664,0.125,0.0,43.90393154591188
0,0.041666666666666664,0.16666666666666666,0.0,42.34916760105808
0,0.041666666666666664,0.20833333333333331,0.4537641582976629,43.31705983997531
0,0.041666666666666664,0.25,0.0868052704812016,43.15448019852185
0,0.041666666666666664,0.29166666666666663,2.4552848608033004,42.361281055526916
0,0.041666666666666664,0.3333333333333333,3.0756884274162513,46.65659918051562
0,0.041666666666666664,0.375,0.0,47.48313671508199
0,0.041666666666666664,0.41666666666666663,8.120731901177914,44.87880056765688
0,0.041666666666666664,0.4583333333333333,0.0,40.7612626647203
0,0.041666666666666664,0.5,0.0,47.54451021459037
0,0.041666666666666664,0.5416666666666666,2.3007153428722686,45.50871240054246
0,0.041666666666666664,0.5833333333333333,0.0,42.50435681602382
0,0.041666666666666664,0.625,1.488940758120813,41.775093128874744
0,0.041666666666666664,0.6666666666666666,0.0,45.014955152620644
0,0.041666666666666664,0.7083333333333333,0.1440498849264271,45.04177901974843
0,0.041666666666666664,0.75,0.0,45.18901023324362
0,0.041666666666666664,0.7916666666666666,1.618640529615925,40.69323803977877
0,0.041666666666666664,0.8333333333333333,0.0,42.54569792353483
0,0.041666666666666664,0.875,2.622347681635925,44.59681088454314
0,0.041666666666666664,0.9166666666666666,1.1319536330859978,44.33851543086615
0,0.041666666666666664,0.9583333333333333,2.545905891406305,45.88334624533922
0,0.041666666666666664,1.0,0.0,40.81082623224198
0,0.08333333333333333,0.0,2.6692978851115816,46.37182038759464
0,0.08333333333333333,0.041666666666666664,0.19522197302631064,46.44306826111152
0,0.08333333333333333,0.08333333333333333,0.0,43.76937616156767
0,0.08333333333333333,0.125,3.8571357594768143,48.976863850574865
0,0.08333333333333333,0.16666666666666666,3.7250243202395312,47.20714808242718
0,0.08333333333333333,0.20833333333333331,1.0743245840042583,45.9528194446361
0,0.08333333333333333,0.25,0.2727952389491211,45.98500663130625
0,0.08333333333333333,0.29166666666666663,0.0,47.20108512404696
0,0.08333333333333333,0.3333333333333333,6.796637181935072,43.02359585367707
0,0.08333333333333333,0.375,2.4138218782817185,48.14198131019865
0,0.08333333333333333,0.41666666666666663,0.0,47.4175786761201
0,0.08333333333333333,0.4583333333333333,0.4218732536560882,45.86271334754567
0,0.08333333333333333,0.5,0.0,43.97833241465017
0,0.08333333333333333,0.5416666666666666,6.844284513790237,51.485813817583235
0,0.08333333333333333,0.5833333333333333,6.357506468274395,46.21509228315118
0,0.08333333333333333,0.625,1.1505045298584151,47.545095054165195
0,0.08333333333333333,0.6666666666666666,0.0,46.273652071724726
0,0.08333333333333333,0.7083333333333333,2.1349207480437355,45.94743289734691
0,0.08333333333333333,0.75,0.0,44.25464149369892
0,0.08333333333333333,0.7916666666666666,1.0201949540799073,46.116555997876766
0,0.08333333333333333,0.8333333333333333,0.0,49.50263452536291
0,0.08333333333333333,0.875,0.3391615042371282,45.35580632512088
0,0.08333333333333333,0.9166666666666666,0.0,51.10650043470328
0,0.08333333333333333,0.9583333333333333,0.0,50.364575468114886
0,0.08333333333333333,1.0,5.76638002641984,46.47048817923622
0,0.125,0.0,0.0,52.6390524944307
0,0.125,0.041666666666666664,0.9758831169529227,48.739769890195255
0,0.125,0.08333333333333333,7.291061919411482,50.15042062966805
0,0.125,0.125,1.3286616473468087,49.87847267637005
0,0.125,0.16666666666666666,0.0,50.04983627598188
0,0.125,0.20833333333333331,0.0,50.816498102862305
0,0.125,0.25,4.225698610406396,51.97183227339201
0,0.125,0.29166666666666663,4.775662309347871,52.79237314374898
0,0.125,0.3333333333333333,3.0661784696482712,48.59246862553759
0,0.125,0.375,3.889086692023418,46.50302227069659
0,0.125,0.41666666666666663,0.0,50.38137320849413
0,0.125,0.4583333333333333,0.0,52.745197439851566
0,0.125,0.5,0.0,46.80583140301036
0,0.125,0.5416666666666666,0.0,48.27341674413471
0,0.125,0.5833333333333333,0.0,49.48556664884241
0,0.125,0.625,4.164789322317468,49.468557351834875
0,0.125,0.6666666666666666,0.7242431784172738,47.82147763709639
0,0.125,0.7083333333333333,1.9990849997731288,48.25147764919281
0,0.125,0.75,0.0,52.40910604527309
0,0.125,0.7916666666666666,0.0,47.622031903827306
0,0.125,0.8333333333333333,0.0,51.10367132024244
0,0.125,0.875,0.0,49.00515597865951
0,0.125,0.9166666666666666,2.3075515401497215,53.59531482638915
0,0.125,0.9583333333333333,0.0,49.913088893723504
0,0.125,1.0,0.0,53.764017055165375
0,0.16666666666666666,0.0,0.0,52.82501072696306
0,0.16666666666666666,0.041666666666666664,0.5868839576721468,51.1178811834751
0,0.16666666666666666,0.08333333333333333,0.0,50.42761854041282
0,0.16666666666666666,0.125,5.9557100837438135,52.65119074971234
0,0.16666666666666666,0.16666666666666666,0.0,55.286528346054325
0,0.16666666666666666,0.20833333333333331,0.0,55.752649531587274
0,0.16666666666666666,0.25,6.106112956069568,51.41161042220526
0,0.16666666666666666,0.29166666666666663,2.807124182416647,52.754984827527416
0,0.16666666666666666,0.3333333333333333,3.6272168548713943,53.03405583731226
0,0.16666666666666666,0.375,0.0,54.20635905140808
0,0.16666666666666666,0.41666666666666663,0.0,53.30862573376386
0,0.16666666666666666,0.4583333333333333,4.260212919737262,55.38068613317719
0,0.16666666666666666,0.5,2.903376730981113,50.107905636499254
0,0.16666666666666666,0.5416666666666666,3.132177712951021,52.34913365638435
0,0.16666666666666666,0.5833333333333333,4.562180813966143,52.558453482755276
0,0.16666666666666666,0.625,5.880989066827708,53.97827896330653
0,0.16666666666666666,0.6666666666666666,0.09666931431283861,53.53668213838561
0,0.16666666666666666,0.7083333333333333,0.0,54.09775128584341
0,0.16666666666666666,0.75,0.47674932129130065,50.756541391887694
0,0.16666666666666666,0.7916666666666666,1.6335018156440113,53.58865229913261
0,0.16666666666666666,0.8333333333333333,1.4319770310427424,52.71934991531974
0,0.16666666666666666,0.875,3.1544125034731167,54.5530291517682
0,0.16666666666666666,0.9166666666666666,0.37443157219381684,52.82790642593698
0,0.16666666666666666,0.9583333333333333,0.0,51.759996904620365
0,0.16666666666666666,1.0,2.447051515046726,51.85833827458451
0,0.20833333333333331,0.0,0.0,56.633632385622796
0,0.20833333333333331,0.041666666666666664,4.429704915319147,55.59450010619664
0,0.20833333333333331,0.08333333333333333,3.4731039143757814,57.10470978398769
0,0.20833333333333331,0.125,0.0,56.786652380883915
0,0.20833333333333331,0.16666666666666666,0.0,57.50616060673532
0,0.20833333333333331,0.20833333333333331,0.0,57.8043025016771
0,0.20833333333333331,0.25,3.0281052804636523,54.292205864173894
0,0.20833333333333331,0.29166666666666663,4.441233835406717,55.83909840053721
0,0.20833333333333331,0.3333333333333333,1.0924577670446707,57.87413925816236
0,0.20833333333333331,0.375,6.036954999540404,56.488922474629646
0,0.20833333333333331,0.41666666666666663,3.757652082864392,57.0342462110022
0,0.20833333333333331,0.4583333333333333,0.0,59.4316452920233
0,0.20833333333333331,0.5,4.546840353772028,56.45511310874175
0,0.20833333333333331,0.5416666666666666,5.639082506633103,57.24968188326113
0,0.20833333333333331,0.5833333333333333,0.0,58.1750996291419
0,0.20833333333333331,0.625,0.9646358955741353,57.41417102372433
0,0.20833333333333331,0.6666666666666666,4.2451877172057255,58.072629362517446
0,0.20833333333333331,0.7083333333333333,7.758930633878075,56.57830748013571
0,0.20833333333333331,0.75,0.0,54.73543133490873
0,0.20833333333333331,0.7916666666666666,0.0,57.527891036011276
0,0.20833333333333331,0.8333333333333333,1.8110461998282614,54.47245829376642
0,0.20833333333333331,0.875,0.0,55.32476976454005
0,0.20833333333333331,0.9166666666666666,6.358041093829977,54.347155921566625
0,0.20833333333333331,0.9583333333333333,1.5891323748964616,52.962083192087185
0,0.20833333333333331,1.0,0.0,58.98872747230549
0,0.25,0.0,0.0,61.64530762768404
0,0.25,0.041666666666666664,0.0,59.455189314649324
0,0.25,0.08333333333333333,0.0,59.30265476253192
0,0.25,0.125,0.0,60.96677996855382
0,0.25,0.16666666666666666,1.2526879470829766,59.67732838395993
0,0.25,0.20833333333333331,0.0,60.23774386878943
0,0.25,0.25,0.0,58.06077930742956
0,0.25,0.29166666666666663,0.0,60.47554283397235
0,0.25,0.3333333333333333,10.288941124319186,59.21310222916573
0,0.25,0.375,9.841197994572426,57.3111759822433
0,0.25,0.41666666666666663,0.8731306449475742,60.38286614527731
0,0.25,0.4583333333333333,6.620931404385781,60.86676404680892
0,0.25,0.5,10.859053854813142,58.940692003987365
0,0.25,0.5416666666666666,8.528239512268534,59.84514056968374
0,0.25,0.5833333333333333,0.0,57.368932635794906
0,0.25,0.625,0.08809958214948921,59.577944709746546
0,0.25,0.6666666666666666,3.397094162937652,58.8078857197534
0,0.25,0.7083333333333333,5.926379485550406,57.4187240181309
0,0.25,0.75,0.2800670666410967,61.19462673377412
0,0.25,0.7916666666666666,0.0,61.866411421786665
0,0.25,0.8333333333333333,4.010553397583674,59.03478286397872
0,0.25,0.875,0.2078592847072687,59.183822690204344
0,0.25,0.9166666666666666,0.2743146451042518,61.84694089434335
0,0.25,0.9583333333333333,2.245670920196388,56.60925128572161
0,0.25,1.0,0.0,60.559446058299656
0,0.29166666666666663,0.0,0.0,59.138843339491764
0,0.29166666666666663,0.041666666666666664,0.0,62.22927917603028
0,0.29166666666666663,0.08333333333333333,5.549679980292676,62.623941209196644
0,0.29166666666666663,0.125,14.182240736091165,62.69633014796404
0,0.29166666666666663,0.16666666666666666,3.606189571807284,64.29489893871197
0,0.29166666666666663,0.20833333333333331,0.0,64.16611736269802
0,0.29166666666666663,0.25,3.0154502955375304,62.734784551517265
0,0.29166666666666663,0.29166666666666663,0.0,61.408802907411975
0,0.29166666666666663,0.3333333333333333,6.158113812681804,62.19017264854905
0,0.29166666666666663,0.375,6.967299936161435,63.067814104679854
0,0.29166666666666663,0.41666666666666663,9.307686174855597,62.291061001344424
0,0.29166666666666663,0.4583333333333333,12.942986067047094,63.91964622673769
0,0.29166666666666663,0.5,17.032146564437653,63.26117623965737
0,0.29166666666666663,0.5416666666666666,8.351069343778452,60.91231132560005
0,0.29166666666666663,0.5833333333333333,10.743697998802908,59.22063952468314
0,0.29166666666666663,0.625,3.2861004104158344,64.33868250644055
0,0.29166666666666663,0.6666666666666666,1.661511575005677,60.959158124890315
0,0.29166666666666663,0.7083333333333333,6.352632919399743,56.97040810874302
0,0.29166666666666663,0.75,0.32941355342270173,61.35002327353659
0,0.29166666666666663,0.7916666666666666,0.0,64.07301366247707
0,0.29166666666666663,0.8333333333333333,6.157956200367965,64.52290801608821
0,0.29166666666666663,0.875,2.623851869951564,62.912684507296845
0,0.29166666666666663,0.9166666666666666,0.0,62.26978580305697
0,0.29166666666666663,0.9583333333333333,0.0,61.22151604834793
0,0.29166666666666663,1.0,2.5110133007544717,62.02369252429838
0,0.3333333333333333,0.0,3.423929746082909,61.779817479515984
0,0.3333333333333333,0.041666666666666664,0.0,62.88245847847174
0,0.3333333333333333,0.08333333333333333,4.334703284168745,64.35593019917195
0,0.3333333333333333,0.125,0.0,62.4427007188982
0,0.3333333333333333,0.16666666666666666,0.0,62.86739883337485
0,0.3333333333333333,0.20833333333333331,0.0,69.20887885187783
0,0.3333333333333333,0.25,0.0,64.35791522203685
0,0.3333333333333333,0.29166666666666663,0.0,67.47555046690485
0,0.3333333333333333,0.3333333333333333,2.463862010756943,63.14292856205955
0,0.3333333333333333,0.375,12.987782220423291,68.1713973363195
0,0.3333333333333333,0.41666666666666663,18.653873758836813,63.73095412875264
0,0.3333333333333333,0.4583333333333333,12.779466733652733,57.64405986433819
0,0.3333333333333333,0.5,24.706409954488265,64.90938841802158
0,0.3333333333333333,0.5416666666666666,27.659215285106963,65.78787629716061
0,0.3333333333333333,0.5833333333333333,16.663861798162596,67.40849549994434
0,0.3333333333333333,0.625,18.38749574970103,63.54807712150391
0,0.3333333333333333,0.6666666666666666,9.997562706176447,67.23372275633278
0,0.3333333333333333,0.7083333333333333,0.0,65.97752250756375
0,0.3333333333333333,0.75,1.0410251905423158,67.19281881694208
0,0.3333333333333333,0.7916666666666666,4.845130615347085,60.61463820179637
0,0.3333333333333333,0.8333333333333333,0.0,67.58822415594378
0,0.3333333333333333,0.875,2.1280907879118542,62.79638029901291
0,0.3333333333333333,0.9166666666666666,0.0,62.70736455513157
0,0.3333333333333333,0.9583333333333333,1.3747125242229945,62.24570765826729
0,0.3333333333333333,1.0,4.946514817663418,66.539322121541
0,0.375,0.0,6.782905223665439,69.18096994039615
0,0.375,0.041666666666666664,4.153566924460579,68.8670507807598
0,0.375,0.08333333333333333,2.3962527456271627,63.18973155895218
0,0.375,0.125,2.3742175911975125,65.48912843727618
0,0.375,0.16666666666666666,0.0,70.20774342189495
0,0.375,0.20833333333333331,0.7554324909395778,63.815206721733496
0,0.375,0.25,3.365659780871029,67.92783842788774
0,0.375,0.29166666666666663,6.136337001507445,70.00299648719151
0,0.375,0.3333333333333333,7.1121521603811235,68.85805342939538
0,0.375,0.375,17.193219127517985,68.0031527273869
0,0.375,0.41666666666666663,35.080282064180416,66.09369609853157
0,0.375,0.4583333333333333,52.190849630606934,63.44462959049791
0,0.375,0.5,39.97938725171107,66.12473722958137
0,0.375,0.5416666666666666,38.52628870707368,69.32743851230772
0,0.375,0.5833333333333333,30.140846525845937,69.72196179247193
0,0.375,0.625,19.312655555038653,68.66755082425671
0,0.375,0.6666666666666666,14.736438033501235,67.28716388051599
0,0.375,0.7083333333333333,8.210537158900227,67.75576044119983
0,0.375,0.75,10.5906406738616,71.81525562724316
0,0.375,0.7916666666666666,0.0,68.04559806028777
0,0.375,0.8333333333333333,4.936846593380207,68.20422945811586
0,0.375,0.875,8.069558428262573,72.34990464567515
0,0.375,0.9166666666666666,0.0,65.9712946690747
0,0.375,0.9583333333333333,5.489850096957525,68.1343218247888
0,0.375,1.0,0.0,66.59496142897805
0,0.41666666666666663,0.0,0.6914447804389442,72.03216396985287
0,0.41666666666666663,0.041666666666666664,0.0,69.1447606461524
0,0.41666666666666663,0.08333333333333333,6.108645112893897,70.82249613838172
0,0.41666666666666663,0.125,0.0,68.15907882791642
0,0.41666666666666663,0.16666666666666666,0.0,65.28904273390684
0,0.41666666666666663,0.20833333333333331,0.0,70.38603210643768
0,0.41666666666666663,0.25,6.521414716820598,71.30846807146878
0,0.41666666666666663,0.29166666666666663,11.86744737855634,70.23077374982232
0,0.41666666666666663,0.3333333333333333,18.441597704559342,67.10790970636067
0,0.41666666666666663,0.375,37.37441179668424,67.94721287939386
0,0.41666666666666663,0.41666666666666663,42.79969179596668,69.59960814264825
0,0.41666666666666663,0.4583333333333333,65.27348781129099,73.56835273600208
0,0.41666666666666663,0.5,69.7162420729258,69.39527687730175
0,0.41666666666666663,0.5416666666666666,60.276714008220644,70.05605235318846
0,0.41666666666666663,0.5833333333333333,51.090804373131235,67.05169048827634
0,0.41666666666666663,0.625,33.40955697190707,66.11734213276736
0,0.41666666666666663,0.6666666666666666,20.008853843769295,67.7458849657183
0,0.41666666666666663,0.7083333333333333,9.56573286092986,66.83860210135043
0,0.41666666666666663,0.75,0.06212874343846231,68.3316320855176
0,0.41666666666666663,0.7916666666666666,4.390564924566471,68.91552733812371
0,0.41666666666666663,0.8333333333333333,0.0,69.99365215950182
0,0.41666666666666663,0.875,0.0,69.92308446739025
0,0.41666666666666663,0.9166666666666666,4.655373975155718,70.30648564741516
0,0.41666666666666663,0.9583333333333333,0.0,67.91950070913393
0,0.41666666666666663,1.0,2.031290906636111,70.67313359845876
0,0.4583333333333333,0.0,0.0,68.39043635196683
0,0.4583333333333333,0.041666666666666664,0.0,70.47706042876071
0,0.4583333333333333,0.08333333333333333,0.0,74.32349045831386
0,0.4583333333333333,0.125,3.451267592134679,72.04490327117841
0,0.4583333333333333,0.16666666666666666,2.818831058738597,68.47220078916669
0,0.4583333333333333,0.20833333333333331,0.0,72.59575690231763
0,0.4583333333333333,0.25,5.295883153710994,65.86925697591492
0,0.4583333333333333,0.29166666666666663,21.896651342063087,71.17347223445556
0,0.4583333333333333,0.3333333333333333,29.319287143927582,69.17503791263742
0,0.4583333333333333,0.375,34.882599352651745,68.10022762875893
0,0.4583333333333333,0.41666666666666663,68.01045469638903,65.42514293074666
0,0.4583333333333333,0.4583333333333333,81.95470761455456,71.98111114022667
0,0.4583333333333333,0.5,96.0343818092257,69.83015345492875
0,0.4583333333333333,0.5416666666666666,73.78311430539253,69.14440701870106
0,0.4583333333333333,0.5833333333333333,70.00439379770155,71.42508094111041
0,0.4583333333333333,0.625,40.4239441415257,70.43598367422628
0,0.4583333333333333,0.6666666666666666,25.215827149994677,68.8815300142394
0,0.4583333333333333,0.7083333333333333,7.542869930462983,68.26495415067164
0,0.4583333333333333,0.75,0.6847017919378029,69.52050313878463
0,0.4583333333333333,0.7916666666666666,1.1800053891674498,70.84747562817732
0,0.4583333333333333,0.8333333333333333,2.758287567840333,69.40135302043296
0,0.4583333333333333,0.875,0.0,70.79894472941781
0,0.4583333333333333,0.9166666666666666,0.0,73.16956541674294
0,0.4583333333333333,0.9583333333333333,0.0,74.18434467330441
0,0.4583333333333333,1.0,2.6251854815611564,73.04872827478371
0,0.5,0.0,0.8596283934390226,71.06502732737292
0,0.5,0.041666666666666664,0.0,69.08835858376833
0,0.5,0.08333333333333333,0.0,71.53571735185815
0,0.5,0.125,0.0,72.08332851850405
0,0.5,0.16666666666666666,0.0,71.29406705015381
0,0.5,0.20833333333333331,0.0,70.15474990320959
0,0.5,0.25,0.0,68.73724756920012
0,0.5,0.29166666666666663,10.671078524644718,67.98807443052326
0,0.5,0.3333333333333333,24.042313449985986,70.24542009050796
0,0.5,0.375,46.34364704045551,65.91706006183176
0,0.5,0.41666666666666663,69.4614793321894,69.57608443146692
0,0.5,0.4583333333333333,88.28615901159705,68.07778448780643
0,0.5,0.5,105.0,71.6788115547633
0,0.5,0.5416666666666666,95.66468434911336,72.3905707641196
0,0.5,0.5833333333333333,66.91793515827231,69.48782847461631
0,0.5,0.625,38.704415189840965,70.37738737883438
0,0.5,0.6666666666666666,17.276383675783254,68.55383163386998
0,0.5,0.7083333333333333,14.394839735020957,71.0802011059931
0,0.5,0.75,0.46792727732490746,68.20269742549915
0,0.5,0.7916666666666666,6.6339859531600585,70.8918937855217
0,0.5,0.8333333333333333,0.0,70.28857561452017
0,0.5,0.875,0.5839270493975136,67.84712133131005
0,0.5,0.9166666666666666,0.0,65.78954895996714
0,0.5,0.9583333333333333,0.955077845015382,70.16554685969811
0,0.5,1.0,4.149750713561926,72.05924198559796
0,0.5416666666666666,0.0,0.0,72.85620969586773
0,0.5416666666666666,0.041666666666666664,0.0,71.53374077099853
0,0.5416666666666666,0.08333333333333333,0.0,68.41259180156467
0,0.5416666666666666,0.125,0.0,69.52970534142452
0,0.5416666666666666,0.16666666666666666,9.380730234635834,69.96606925521363
0,0.5416666666666666,0.20833333333333331,3.195527927784227,68.97540546664027
0,0.5416666666666666,0.25,6.048117669691617,70.9045593691906
0,0.5416666666666666,0.29166666666666663,12.380642802858471,72.40777950045982
0,0.5416666666666666,0.3333333333333333,22.772079442439278,70.49646213577832
0,0.5416666666666666,0.375,48.184053767372,70.91337381059598
0,0.5416666666666666,0.41666666666666663,61.80993368496763,72.21675245099954
0,0.5416666666666666,0.4583333333333333,86.64837575005429,68.05452628164278
0,0.5416666666666666,0.5,88.59448630638187,68.88272389050094
0,0.5416666666666666,0.5416666666666666,87.40091134832112,70.3422568285438
0,0.5416666666666666,0.5833333333333333,68.77268718317688,74.6131455237687
0,0.5416666666666666,0.625,48.96808648382023,69.90311357532917
0,0.5416666666666666,0.6666666666666666,20.261591401873012,72.4688036487655
0,0.5416666666666666,0.7083333333333333,7.690905791025335,68.123407508638
0,0.5416666666666666,0.75,3.6243435968718827,70.24808433485804
0,0.5416666666666666,0.7916666666666666,0.33656596639022396,70.21304207848027
0,0.5416666666666666,0.8333333333333333,0.0,68.94590216250161
0,0.5416666666666666,0.875,0.27813223326617986,71.1027756548847
0,0.5416666666666666,0.9166666666666666,1.4722043539369838,69.23189333665077
0,0.5416666666666666,0.9583333333333333,10.044150098324423,71.65424171117012
0,0.5416666666666666,1.0,2.5506683460987234,70.3170633956021
0,0.5833333333333333,0.0,1.9179094095822307,67.03464390437021
0,0.5833333333333333,0.041666666666666664,0.0,69.1349367881083
0,0.5833333333333333,0.08333333333333333,0.0,69.8618862537074
0,0.5833333333333333,0.125,0.0,70.08762629032088
0,0.5833333333333333,0.16666666666666666,0.821715073751754,67.01609585221468
0,0.5833333333333333,0.20833333333333331,0.0,67.84566876612094
0,0.5833333333333333,0.25,8.38943745728307,71.42578485440754
0,0.5833333333333333,0.29166666666666663,7.383449545960687,68.93729502717711
0,0.5833333333333333,0.3333333333333333,14.501278372185377,71.49424792623368
0,0.5833333333333333,0.375,33.39346891546203,67.37900083461075
0,0.5833333333333333,0.41666666666666663,44.767003439331965,69.70520995253361
0,0.5833333333333333,0.4583333333333333,72.34831659993283,68.84993625040909
0,0.5833333333333333,0.5,67.1495815305722,66.92772362013712
0,0.5833333333333333,0.5416666666666666,62.56670869218356,64.11472356574345
0,0.5833333333333333,0.5833333333333333,53.57492400374566,67.5135386421309
0,0.5833333333333333,0.625,25.067669353935102,62.78119762102413
0,0.5833333333333333,0.6666666666666666,19.000462847682748,69.0642227237326
0,0.5833333333333333,0.7083333333333333,13.768495694716202,70.6318261799353
0,0.5833333333333333,0.75,1.470413378438593,65.19734509426047
0,0.5833333333333333,0.7916666666666666,1.8360900406556957,67.48422556619197
0,0.5833333333333333,0.8333333333333333,0.6113133168962276,65.45706972801409
0,0.5833333333333333,0.875,0.0,68.17984564164973
0,0.5833333333333333,0.9166666666666666,0.0,65.12966098763346
0,0.5833333333333333,0.9583333333333333,0.0,68.7799065034146
0,0.5833333333333333,1.0,4.803858490117987,68.55434574139711
0,0.625,0.0,0.0,66.89108144205646
0,0.625,0.041666666666666664,0.0,67.46631420372798
0,0.625,0.08333333333333333,6.914722928119604,67.68491436600509
0,0.625,0.125,0.0,69.08091132628168
0,0.625,0.16666666666666666,1.489240184238113,70.7536369815793
0,0.625,0.20833333333333331,2.6499582901074836,68.3745180637795
0,0.625,0.25,0.0,69.84141039875465
0,0.625,0.29166666666666663,0.2559404973183179,62.95760318034448
0,0.625,0.3333333333333333,13.429641243209828,68.44711343992104
0,0.625,0.375,26.73653397913582,69.29547487368191
0,0.625,0.41666666666666663,33.82086762943067,67.6521243721788
0,0.625,0.4583333333333333,45.41806211502078,67.71263743953881
0,0.625,0.5,47.61293850784807,62.92655192446545
0,0.625,0.5416666666666666,41.53575382143426,66.25710786265998
0,0.625,0.5833333333333333,34.38640591086586,65.40280336288193
0,0.625,0.625,24.704757181387055,68.4834096350296
0,0.625,0.6666666666666666,6.910284146722578,67.04499336216296
0,0.625,0.7083333333333333,7.401298721004913,64.82421600720618
0,0.625,0.75,0.0,66.49390888092414
0,0.625,0.7916666666666666,1.6284491951172622,67.02835067021037
0,0.625,0.8333333333333333,4.513415813650405,67.59002789808723
0,0.625,0.875,6.4866610542224885,65.85320170372316
0,0.625,0.9166666666666666,6.622144766113955,66.41180120395244
0,0.625,0.9583333333333333,2.0049810519347457,63.23332422422364
0,0.625,1.0,0.0,69.37444709146821
0,0.6666666666666666,0.0,0.26724220519524683,64.83371299558216
0,0.6666666666666666,0.041666666666666664,0.0,66.40356010135379
0,0.6666666666666666,0.08333333333333333,0.0,67.74261658689873
0,0.6666666666666666,0.125,2.4836174846236747,63.68851344919856
0,0.6666666666666666,0.16666666666666666,0.0,63.76047675126947
0,0.6666666666666666,0.20833333333333331,1.8671709480932934,65.31394865674228
0,0.6666666666666666,0.25,0.0,65.5087237403902
0,0.6666666666666666,0.29166666666666663,0.0,68.49430150298521
0,0.6666666666666666,0.3333333333333333,0.0,66.69158091694871
0,0.6666666666666666,0.375,6.627560074100623,65.57877695440924
0,0.6666666666666666,0.41666666666666663,22.360654341306557,65.7578615822544
0,0.6666666666666666,0.4583333333333333,18.14958066787763,61.72353466137872
0,0.6666666666666666,0.5,30.861292666700546,63.191908110761545
0,0.6666666666666666,0.5416666666666666,26.000132415227437,67.21424448183392
0,0.6666666666666666,0.5833333333333333,10.976649067807042,68.77446795032611
0,0.6666666666666666,0.625,10.906847240276335,64.41543921631163
0,0.6666666666666666,0.6666666666666666,2.264826946924045,65.27921787918534
0,0.6666666666666666,0.7083333333333333,4.782059352604808,66.92687805672442
0,0.6666666666666666,0.75,5.268916360194955,66.87795954494179
0,0.6666666666666666,0.7916666666666666,0.0,64.62920905280157
0,0.6666666666666666,0.8333333333333333,0.6144702288123539,65.19624973100146
0,0.6666666666666666,0.875,5.11967187369362,66.66510575455
0,0.6666666666666666,0.9166666666666666,0.0,62.96812409251656
0,0.6666666666666666,0.9583333333333333,0.0,64.37706999532507
0,0.6666666666666666,1.0,0.07809907203118532,61.05680778762985
0,0.7083333333333333,0.0,0.0,62.706025122374584
0,0.7083333333333333,0.041666666666666664,0.8701285472375772,59.36307106373279
0,0.7083333333333333,0.08333333333333333,0.0,59.27257054912877
0,0.7083333333333333,0.125,3.423767708019518,62.75240845967098
0,0.7083333333333333,0.16666666666666666,10.477803720852139,60.991467429235946
0,0.7083333333333333,0.20833333333333331,6.259741279162245,62.262124198915544
0,0.7083333333333333,0.25,0.8441688825468385,64.31154826293395
0,0.7083333333333333,0.29166666666666663,0.0,59.80155337516877
0,0.7083333333333333,0.3333333333333333,8.951227094798377,64.2106547755773
0,0.7083333333333333,0.375,12.729543284163237,63.32843226890508
0,0.7083333333333333,0.41666666666666663,6.157416903387184,63.916028889759545
0,0.7083333333333333,0.4583333333333333,8.720977634583962,62.06183087921248
0,0.7083333333333333,0.5,10.931644797133675,60.462674624384114
0,0.7083333333333333,0.5416666666666666,18.966590705112242,63.64725053780894
0,0.7083333333333333,0.5833333333333333,8.611518603986735,62.9887848865446
0,0.7083333333333333,0.625,2.9473082851017787,61.45331388373292
0,0.7083333333333333,0.6666666666666666,3.3386222560931937,62.850092113785784
0,0.7083333333333333,0.7083333333333333,0.0,64.83723900452345
0,0.7083333333333333,0.75,0.0,60.2607433556106
0,0.7083333333333333,0.7916666666666666,0.0,62.409465445707205
0,0.7083333333333333,0.8333333333333333,0.0,64.1753990564421
0,0.7083333333333333,0.875,2.774421970013883,64.05540708901204
0,0.7083333333333333,0.9166666666666666,3.193841378516912,61.530662852910915
0,0.7083333333333333,0.9583333333333333,0.9673138628019357,60.25859883298312
0,0.7083333333333333,1.0,0.0,63.059868957658075
0,0.75,0.0,0.0,58.65594577159701
0,0.75,0.041666666666666664,0.0,61.04074123470833
0,0.75,0.08333333333333333,2.116308295478465,58.37946953841347
0,0.75,0.125,3.189863643290772,63.14233376838591
0,0.75,0.16666666666666666,4.402093091980935,59.451384517734
0,0.75,0.20833333333333331,0.5714744877536617,57.31819178835577
0,0.75,0.25,0.0,59.82277394599371
0,0.75,0.29166666666666663,2.010277967327792,56.4015587014055
0,0.75,0.3333333333333333,0.0,56.79804464655189
0,0.75,0.375,0.0,57.976252508379986
0,0.75,0.41666666666666663,2.4309840244481276,56.87722536505596
0,0.75,0.4583333333333333,1.178525832738642,55.274883393720465
0,0.75,0.5,3.377939422349659,59.6953555986238
0,0.75,0.5416666666666666,1.7289021048005746,56.06762832502297
0,0.75,0.5833333333333333,12.568758274858059,57.53991318761167
0,0.75,0.625,3.5597875904667253,54.81629485570487
0,0.75,0.6666666666666666,0.0,59.45267082989385
0,0.75,0.7083333333333333,0.0,59.473544558980336
0,0.75,0.75,0.21769191333192037,57.66768166487218
0,0.75,0.7916666666666666,0.0,58.77975754845217
0,0.75,0.8333333333333333,0.0,57.94769294091005
0,0.75,0.875,1.3987747398241093,59.59674377175692
0,0.75,0.9166666666666666,0.0,61.2972266295676
0,0.75,0.9583333333333333,0.0,58.64587638421827
0,0.75,1.0,3.0438469978634184,59.62772621089901
0,0.7916666666666666,0.0,0.0,56.93830245703448
0,0.7916666666666666,0.041666666666666664,0.0,55.37758699635587
0,0.7916666666666666,0.08333333333333333,0.8968255701923308,57.314933353799624
0,0.7916666666666666,0.125,0.0,55.2798561821939
0,0.7916666666666666,0.16666666666666666,2.8431760950018594,60.035947217946386
0,0.7916666666666666,0.20833333333333331,7.63148330751269,57.70840327660237
0,0.7916666666666666,0.25,6.4885672927046505,54.95193109711157
0,0.7916666666666666,0.29166666666666663,0.0,57.651900723281145
0,0.7916666666666666,0.3333333333333333,3.3734354894190557,52.990029687622034
0,0.7916666666666666,0.375,5.150099446248136,54.33781482942206
0,0.7916666666666666,0.41666666666666663,0.3712619575525653,53.74678301368738
0,0.7916666666666666,0.4583333333333333,0.0,58.17378963123255
0,0.7916666666666666,0.5,0.0,54.78357459636784
0,0.7916666666666666,0.5416666666666666,1.1491555119436843,57.23631893618627
0,0.7916666666666666,0.5833333333333333,7.675998385955502,56.31710890095791
0,0.7916666666666666,0.625,4.705894981832504,52.960492412138926
0,0.7916666666666666,0.6666666666666666,0.0,51.29793124205988
0,0.7916666666666666,0.7083333333333333,4.626758224672953,54.91261322878322
0,0.7916666666666666,0.75,2.347492460027289,53.95533053190465
0,0.7916666666666666,0.7916666666666666,0.0,54.04457610021288
0,0.7916666666666666,0.8333333333333333,0.0,55.452539510406574
0,0.7916666666666666,0.875,0.0,56.22453512666628
0,0.7916666666666666,0.9166666666666666,2.0801333000580366,52.417962244510804
0,0.7916666666666666,0.9583333333333333,0.0,53.746214084557664
0,0.7916666666666666,1.0,0.0,59.50142981044952
0,0.8333333333333333,0.0,2.7611985615083365,50.31077333507749
0,0.8333333333333333,0.041666666666666664,10.652109730438912,54.44515755806923
0,0.8333333333333333,0.08333333333333333,0.0,49.46353109652954
0,0.8333333333333333,0.125,1.3304684391314923,49.503377679844505
0,0.8333333333333333,0.16666666666666666,0.4128045194063438,54.58469555396532
0,0.8333333333333333,0.20833333333333331,0.0,51.34824783232196
0,0.8333333333333333,0.25,0.0,55.44803776960061
0,0.8333333333333333,0.29166666666666663,2.426589517841914,53.82630382611
0,0.8333333333333333,0.3333333333333333,3.264603212050657,52.79467668824355
0,0.8333333333333333,0.375,0.0,53.478116527615
0,0.8333333333333333,0.41666666666666663,3.7345363112610377,52.54759163102895
0,0.8333333333333333,0.4583333333333333,0.0,50.96411534518651
0,0.8333333333333333,0.5,5.798221823431644,54.41130700398253
0,0.8333333333333333,0.5416666666666666,1.0567488067350155,53.28127176718756
0,0.8333333333333333,0.5833333333333333,1.6836575156651077,53.07449090670947
0,0.8333333333333333,0.625,4.044124831076025,53.30770950400474
0,0.8333333333333333,0.6666666666666666,3.108281068695212,53.06715022468288
0,0.8333333333333333,0.7083333333333333,0.0,55.22793239991686
0,0.8333333333333333,0.75,4.684073321373674,56.02800736249048
0,0.8333333333333333,0.7916666666666666,0.0,51.68420002945153
0,0.8333333333333333,0.8333333333333333,0.0,53.063085725342276
0,0.8333333333333333,0.875,0.0,55.35177134821102
0,0.8333333333333333,0.9166666666666666,0.0,54.8638931814457
0,0.8333333333333333,0.9583333333333333,0.0,52.71470142807463
0,0.8333333333333333,1.0,5.083873593440866,52.00714727196393
0,0.875,0.0,1.5604760043418275,51.205695522146
0,0.875,0.041666666666666664,0.0,54.32141150636305
0,0.875,0.08333333333333333,0.0,49.20450348927273
0,0.875,0.125,0.7968170288053751,50.623443571018775
0,0.875,0.16666666666666666,4.023268155346187,52.188931448484546
0,0.875,0.20833333333333331,0.0,49.464657921178684
0,0.875,0.25,0.0,50.35295690846744
0,0.875,0.29166666666666663,0.0,50.49911526724483
0,0.875,0.3333333333333333,0.0,47.543620468210236
0,0.875,0.375,2.0241192041890246,51.243300877966284
0,0.875,0.41666666666666663,0.0,48.88572650952592
0,0.875,0.4583333333333333,0.0,48.62229213863303
0,0.875,0.5,0.0,54.933043572330114
0,0.875,0.5416666666666666,2.9333660304032945,46.59662152275357
0,0.875,0.5833333333333333,0.0,47.75234507969581
0,0.875,0.625,0.6734091676300878,54.0741114930557
0,0.875,0.6666666666666666,4.992073940244884,50.09006214551138
0,0.875,0.7083333333333333,1.6122384887319166,49.5507566189099
0,0.875,0.75,0.0,48.60635903963153
0,0.875,0.7916666666666666,4.446993277951207,46.64317251013149
0,0.875,0.8333333333333333,5.104636749523194,54.48322327144303
0,0.875,0.875,0.2859120908491401,52.077197424043774
0,0.875,0.9166666666666666,0.7732896475272812,49.25014043139846
0,0.875,0.9583333333333333,0.0,48.34450729293385
0,0.875,1.0,6.236840279926764,49.97933416348018
0,0.9166666666666666,0.0,0.0,49.95713488536396
0,0.9166666666666666,0.041666666666666664,0.0,42.86945474296836
0,0.9166666666666666,0.08333333333333333,0.0,49.83678299955212
0,0.9166666666666666,0.125,4.644185701873322,46.158534761862576
0,0.9166666666666666,0.16666666666666666,3.361516906550107,46.59412605555919
0,0.9166666666666666,0.20833333333333331,9.936985654923236,48.3324333122893
0,0.9166666666666666,0.25,4.937510893039596,47.8458129411554
0,0.9166666666666666,0.29166666666666663,4.576757303063111,48.27715824052515
0,0.9166666666666666,0.3333333333333333,0.6838428345728962,46.041032858147126
0,0.9166666666666666,0.375,0.0,46.701796094875455
0,0.9166666666666666,0.41666666666666663,3.4300887417284276,48.278290191769926
0,0.9166666666666666,0.4583333333333333,5.972990206610597,46.626589542979204
0,0.9166666666666666,0.5,1.1433094662908363,42.768853066038744
0,0.9166666666666666,0.5416666666666666,0.0,45.63306068567479
0,0.9166666666666666,0.5833333333333333,0.28589047038233234,47.187636968277126
0,0.9166666666666666,0.625,0.0,47.69766932161719
0,0.9166666666666666,0.6666666666666666,0.0,46.86343318416816
0,0.9166666666666666,0.7083333333333333,0.0,47.26886582345759
0,0.9166666666666666,0.75,0.0,46.41971500508369
0,0.9166666666666666,0.7916666666666666,0.0,44.16769496123349
0,0.9166666666666666,0.8333333333333333,5.278360593343054,45.321287523512076
0,0.9166666666666666,0.875,4.346363130676215,46.15042904209277
0,0.9166666666666666,0.9166666666666666,0.0,46.969254601143135
0,0.9166666666666666,0.9583333333333333,0.0,43.40520769335461
0,0.9166666666666666,1.0,3.154210338952356,47.231721028199345
0,0.9583333333333333,0.0,0.0,42.54735606629988
0,0.9583333333333333,0.041666666666666664,0.0,46.17003423848411
0,0.9583333333333333,0.08333333333333333,2.053560499067281,43.95503017023504
0,0.9583333333333333,0.125,4.4134126634060875,44.80723553177438
0,0.9583333333333333,0.16666666666666666,0.0,41.202279828836936
0,0.9583333333333333,0.20833333333333331,3.885625640633372,40.56855791890792
0,0.9583333333333333,0.25,4.74586408514633,40.39419228562014
0,0.9583333333333333,0.29166666666666663,0.0,46.41473673794064
0,0.9583333333333333,0.3333333333333333,3.502955703017557,46.31081041100836
0,0.9583333333333333,0.375,0.0,43.35820531127418
0,0.9583333333333333,0.41666666666666663,0.0,43.13404213334399
0,0.9583333333333333,0.4583333333333333,0.0,44.54551729859135
0,0.9583333333333333,0.5,0.0,42.03847651581033
0,0.9583333333333333,0.5416666666666666,0.0,43.41896658356986
0,0.9583333333333333,0.5833333333333333,0.0,43.428255234274474
0,0.9583333333333333,0.625,0.0,44.12835599402616
0,0.9583333333333333,0.6666666666666666,1.9264432007909726,47.1010429690041
0,0.9583333333333333,0.7083333333333333,0.0,45.78732796097051
0,0.9583333333333333,0.75,0.0,46.5033182387638
0,0.9583333333333333,0.7916666666666666,0.0,44.19969009910161
0,0.9583333333333333,0.8333333333333333,0.0,44.31528138232614
0,0.9583333333333333,0.875,0.7602338471328876,41.23958330639915
0,0.9583333333333333,0.9166666666666666,2.693111687330322,41.9790661468315
0,0.9583333333333333,0.9583333333333333,0.0,45.90433555827349
0,0.9583333333333333,1.0,0.0,42.709551452648476
0,1.0,0.0,6.793558357424616,44.29836782857427
0,1.0,0.041666666666666664,5.753779260833971,43.60395425814421
0,1.0,0.08333333333333333,2.087973247550635,41.940548802281256
0,1.0,0.125,0.0,39.6562853780272
0,1.0,0.16666666666666666,0.0,43.68454521479193
0,1.0,0.20833333333333331,9.775993468317546,43.11589796568662
0,1.0,0.25,0.0,44.276404606245734
0,1.0,0.29166666666666663,0.0,41.052061989610685
0,1.0,0.3333333333333333,0.0,43.750802348544966
0,1.0,0.375,5.122849016991274,42.118877621935106
0,1.0,0.41666666666666663,0.0,43.22725389122928
0,1.0,0.4583333333333333,0.0,39.65617575794104
0,1.0,0.5,0.0,39.32151695124356
0,1.0,0.5416666666666666,0.0,44.96814820954734
0,1.0,0.5833333333333333,0.0,41.317416630175394
0,1.0,0.625,0.0,39.818106822528534
0,1.0,0.6666666666666666,0.0,41.679187376974674
0,1.0,0.7083333333333333,0.4195661412118185,41.31194105890032
0,1.0,0.75,0.0,44.441643192558544
0,1.0,0.7916666666666666,2.8653121661422243,40.36125852794346
0,1.0,0.8333333333333333,0.0,40.54879449008318
0,1.0,0.875,0.0,40.17566737504577
0,1.0,0.9166666666666666,2.9538871863038247,43.34973120704914
0,1.0,0.9583333333333333,0.0,42.19459171605002
0,1.0,1.0,0.0,44.000100604344624
30,0.0,0.0,0.0,48.72440045695103
30,0.0,0.041666666666666664,1.4954697327117659,45.843547335014
30,0.0,0.08333333333333333,0.0,46.1861582776584
30,0.0,0.125,0.0,46.40563052592259
30,0.0,0.16666666666666666,0.0,47.529428755792864
30,0.0,0.20833333333333331,0.0,51.18321620879489
30,0.0,0.25,0.0,49.60611283468992
30,0.0,0.29166666666666663,2.963909744475192,46.04649993037753
30,0.0,0.3333333333333333,8.060449550751192,50.361944751173965
30,0.0,0.375,1.3821668236125226,48.66868363106391
30,0.0,0.41666666666666663,0.3672113106671837,48.986315823150704
30,0.0,0.4583333333333333,0.0,50.05232388045859
30,0.0,0.5,4.1896121639299455,46.976980495208736
30,0.0,0.5416666666666666,0.0,50.031526370524844
30,0.0,0.5833333333333333,0.8772376526996143,45.94653367126327
30,0.0,0.625,5.943935432477808,48.1623157263024
30,0.0,0.6666666666666666,0.0,49.63340054558699
30,0.0,0.7083333333333333,0.0,43.90673224206509
30,0.0,0.75,0.0,47.28435620418816
30,0.0,0.7916666666666666,0.0,52.44444140475852
30,0.0,0.8333333333333333,1.161094725714893,48.12176675657709
30,0.0,0.875,0.0,48.308841893825885
30,0.0,0.9166666666666666,0.0,47.14233405567749
30,0.0,0.9583333333333333,4.679506220571642,47.13764381358981
30,0.0,1.0,0.8987815519668451,47.277132947553085
30,0.041666666666666664,0.0,7.6898256267026985,52.70696876392068
30,0.041666666666666664,0.041666666666666664,1.7803593950337786,51.82795370230015
30,0.041666666666666664,0.08333333333333333,1.5121549015241198,50.90761971001697
30,0.041666666666666664,0.125,11.189610917344584,45.76097210275857
30,0.041666666666666664,0.16666666666666666,0.0,50.37067100186324
30,0.041666666666666664,0.20833333333333331,3.969302704190908,47.20852705737918
30,0.041666666666666664,0.25,0.0,51.09823760983863
30,0.041666666666666664,0.29166666666666663,0.0,51.39260570558852
30,0.041666666666666664,0.3333333333333333,9.080665060373363,48.34865372971541
30,0.041666666666666664,0.375,0.0,51.64530032213364
30,0.041666666666666664,0.41666666666666663,0.0,54.53046873885824
30,0.041666666666666664,0.4583333333333333,0.0,48.959218590304836
30,0.041666666666666664,0.5,5.271801842142394,52.906231796309356
30,0.041666666666666664,0.5416666666666666,4.908221928108122,54.94122797661728
30,0.041666666666666664,0.5833333333333333,2.800423105114754,50.38964141691888
30,0.041666666666666664,0.625,0.0,50.02440653977994
30,0.041666666666666664,0.6666666666666666,0.0,49.16024426945964
30,0.041666666666666664,0.7083333333333333,0.0,45.46466727980844
30,0.041666666666666664,0.75,1.8862523271248852,51.11695251482602
30,0.041666666666666664,0.7916666666666666,0.0,52.05855152148278
30,0.041666666666666664,0.8333333333333333,0.0,49.24008357409273
30,0.041666666666666664,0.875,0.6340231828172208,49.527745506154744
30,0.041666666666666664,0.9166666666666666,3.0659765504916607,52.75038190620945
30,0.041666666666666664,0.9583333333333333,4.971005924578817,50.51178999860331
30,0.041666666666666664,1.0,6.6581232313595775,49.51246410140823
30,0.08333333333333333,0.0,0.0,51.756762681865354
30,0.08333333333333333,0.041666666666666664,0.0,52.20485345076284
30,0.08333333333333333,0.08333333333333333,0.0,49.72193649073678
30,0.08333333333333333,0.125,6.39118398589505,54.2717938169023
30,0.08333333333333333,0.16666666666666666,4.093712646739871,53.7824172222961
30,0.08333333333333333,0.20833333333333331,0.0,55.72562552987718
30,0.08333333333333333,0.25,3.2404872849547592,50.585817155872164
30,0.08333333333333333,0.29166666666666663,3.4485046290108237,48.78515996631245
30,0.08333333333333333,0.3333333333333333,4.720767624210263,51.31341103608913
30,0.08333333333333333,0.375,5.049346278518066,51.327687554889536
30,0.08333333333333333,0.41666666666666663,5.560262457305761,53.80500287759847
30,0.08333333333333333,0.4583333333333333,3.8570868513269794,53.6407354808315
30,0.08333333333333333,0.5,3.641850293959072,54.440716797246445
30,0.08333333333333333,0.5416666666666666,4.613113346198989,48.425057638574486
30,0.08333333333333333,0.5833333333333333,0.0,51.951540171670416
30,0.08333333333333333,0.625,0.0,52.75904084546574
30,0.08333333333333333,0.6666666666666666,8.802563518831677,54.192376087577244
30,0.08333333333333333,0.7083333333333333,0.0,52.1232824541482
30,0.08333333333333333,0.75,4.154178096143874,50.80651621796347
30,0.08333333333333333,0.7916666666666666,1.0192191395944126,51.84340019111699
30,0.08333333333333333,0.8333333333333333,1.5047689334934518,52.624102766428706
30,0.08333333333333333,0.875,0.0,52.49986807733355
30,0.08333333333333333,0.9166666666666666,0.0,55.593451243675986
30,0.08333333333333333,0.9583333333333333,1.5640998364121466,53.29492127108479
30,0.08333333333333333,1.0,6.352678248468428,53.616425592811616
30,0.125,0.0,0.0,56.49740609711235
30,0.125,0.041666666666666664,0.0,54.41914426276169
30,0.125,0.08333333333333333,7.586034352612923,54.41626210527035
30,0.125,0.125,5.141023954008565,57.01979655717897
30,0.125,0.16666666666666666,0.0,55.56549869227971
30,0.125,0.20833333333333331,0.0,55.918301838566315
30,0.125,0.25,3.92517094064166,54.19759077513407
30,0.125,0.29166666666666663,0.0,53.60757928396537
30,0.125,0.3333333333333333,7.69788237458002,56.310403016513106
30,0.125,0.375,3.9846548880902644,56.384781265611664
30,0.125,0.41666666666666663,0.0,59.44650607699047
30,0.125,0.4583333333333333,0.0,51.57360994602229
30,0.125,0.5,7.366479688485322,54.1928952307392
30,0.125,0.5416666666666666,8.233470816002981,57.48032987388656
30,0.125,0.5833333333333333,3.9564324240944826,57.448134963722815
30,0.125,0.625,5.672260002180682,55.00507593560554
30,0.125,0.6666666666666666,0.0,53.392854787547755
30,0.125,0.7083333333333333,0.0,54.507669724709906
30,0.125,0.75,0.0,54.53155905589152
30,0.125,0.7916666666666666,10.575609172434598,57.35381249843416
30,0.125,0.8333333333333333,0.0,59.41686781141245
30,0.125,0.875,0.0,55.77879382845461
30,0.125,0.9166666666666666,0.0,53.83522164372681
30,0.125,0.9583333333333333,0.0,56.99820240912369
30,0.125,1.0,4.594745440198872,52.25580931494365
30,0.16666666666666666,0.0,0.0,57.40943006006754
30,0.16666666666666666,0.041666666666666664,2.1074349619513555,60.828535167424924
30,0.16666666666666666,0.08333333333333333,0.0,57.45983403381234
30,0.16666666666666666,0.125,0.0,60.65732116596365
30,0.16666666666666666,0.16666666666666666,0.0,57.47567610905376
30,0.16666666666666666,0.20833333333333331,0.0,57.60766290749233
30,0.16666666666666666,0.25,1.7083846717573992,62.77243368166502
30,0.16666666666666666,0.29166666666666663,0.0,57.65342808621193
30,0.16666666666666666,0.3333333333333333,6.097591101105584,54.55715680397011
30,0.16666666666666666,0.375,8.417772158750537,59.940006003621875
30,0.16666666666666666,0.41666666666666663,9.153300153886255,56.360321711570656
30,0.16666666666666666,0.4583333333333333,18.001539486716993,59.538459407790576
30,0.16666666666666666,0.5,10.239651677869931,61.491066437852986
30,0.16666666666666666,0.5416666666666666,4.358721540484432,57.5300845358507
30,0.16666666666666666,0.5833333333333333,1.2746404240861917,58.72422990455232
30,0.16666666666666666,0.625,7.229996204753368,58.458295515918174
30,0.16666666666666666,0.6666666666666666,3.4951926315785924,60.5058256076458
30,0.16666666666666666,0.7083333333333333,0.0,58.49861889110808
30,0.16666666666666666,0.75,0.0,60.30657707166552
30,0.16666666666666666,0.7916666666666666,0.0,62.46642513117616
30,0.16666666666666666,0.8333333333333333,0.0,60.21431543962054
30,0.16666666666666666,0.875,1.4462365431348108,56.53578868703226
30,0.16666666666666666,0.9166666666666666,2.955568602129726,60.1351715709347
30,0.16666666666666666,0.9583333333333333,3.9200753208875305,60.99444984324128
30,0.16666666666666666,1.0,0.0,62.368121597302775
30,0.20833333333333331,0.0,1.616677115310235,63.96810691596264
30,0.20833333333333331,0.041666666666666664,0.0,58.37997732619225
30,0.20833333333333331,0.08333333333333333,0.0,62.16877587176904
30,0.20833333333333331,0.125,0.13425693616756595,63.577127359219894
30,0.20833333333333331,0.16666666666666666,0.9134140399565254,58.966542769478316
30,0.20833333333333331,0.20833333333333331,0.0,65.32199362094374
30,0.20833333333333331,0.25,7.858733829489504,59.18569290792946
30,0.20833333333333331,0.29166666666666663,5.246335482893708,59.4226075252153
30,0.20833333333333331,0.3333333333333333,12.372647522836234,64.4485971407211
30,0.20833333333333331,0.375,19.011842206069616,60.18479606394353
30,0.20833333333333331,0.41666666666666663,18.267152067768528,62.06784231240669
30,0.20833333333333331,0.4583333333333333,30.74751635718867,62.993801047435774
30,0.20833333333333331,0.5,25.382759422540815,62.652287573919686
30,0.20833333333333331,0.5416666666666666,24.585439230926774,60.67846943400418
30,0.20833333333333331,0.5833333333333333,15.815270100064623,61.28687989689905
30,0.20833333333333331,0.625,14.507369384858226,61.08708734354272
30,0.20833333333333331,0.6666666666666666,13.621808166959116,62.42614360770521
30,0.20833333333333331,0.7083333333333333,9.63083648974258,60.914272038309115
30,0.20833333333333331,0.75,0.0,61.32470430973152
30,0.20833333333333331,0.7916666666666666,5.147427779721784,62.75425334721255
30,0.20833333333333331,0.8333333333333333,0.0,61.22569656014358
30,0.20833333333333331,0.875,0.0,61.7709650582917
30,0.20833333333333331,0.9166666666666666,0.0,62.192159014959635
30,0.20833333333333331,0.9583333333333333,0.0,61.35656758800251
30,0.20833333333333331,1.0,3.688100928649628,62.86766268504761
30,0.25,0.0,0.0,62.644647226760846
30,0.25,0.041666666666666664,0.0,64.24064305002871
30,0.25,0.08333333333333333,1.7554759493430134,62.15921895191102
30,0.25,0.125,1.3900255769619752,68.25786910560409
30,0.25,0.16666666666666666,2.254375395271903,62.687353910664385
30,0.25,0.20833333333333331,7.446497408652691,65.54914993885707
30,0.25,0.25,9.89997950259868,67.4151515433457
30,0.25,0.29166666666666663,16.069457858585924,65.23090424054591
30,0.25,0.3333333333333333,17.879203797357363,69.9976362323393
30,0.25,0.375,27.003721599347344,67.32379960572656
30,0.25,0.41666666666666663,34.68619950018066,68.13241387667789
30,0.25,0.4583333333333333,51.662470355355026,67.33971327681154
30,0.25,0.5,42.92331549930561,64.88411079582895
30,0.25,0.5416666666666666,49.92288918912369,68.59430833043906
30,0.25,0.5833333333333333,41.04611405264485,66.06419604647499
30,0.25,0.625,36.83554764044083,66.69534309534515
30,0.25,0.6666666666666666,23.006461777320354,67.38585119950076
30,0.25,0.7083333333333333,15.12577660302201,67.99659053967785
30,0.25,0.75,13.579034264155954,66.62317619377313
30,0.25,0.7916666666666666,0.0,65.63728652437224
30,0.25,0.8333333333333333,0.0,63.3003693705729
30,0.25,0.875,0.0,68.24660306975326
30,0.25,0.9166666666666666,0.0,64.85273818571672
30,0.25,0.9583333333333333,0.0,62.54453829769562
30,0.25,1.0,0.0,66.64342874441101
30,0.29166666666666663,0.0,0.0,72.19431115718342
30,0.29166666666666663,0.041666666666666664,0.0,69.18606265120172
30,0.29166666666666663,0.08333333333333333,2.6169022312272796,65.32533755638744
30,0.29166666666666663,0.125,5.325627961999597,68.81374714063158
30,0.29166666666666663,0.16666666666666666,2.5274914619735207,69.60975372566398
30,0.29166666666666663,0.20833333333333331,7.319726902134974,68.57273412388632
30,0.29166666666666663,0.25,8.511028546761098,68.25324574075341
30,0.29166666666666663,0.29166666666666663,26.32962723229325,66.85155161594932
30,0.29166666666666663,0.3333333333333333,39.86427769089038,67.78721264965411
30,0.29166666666666663,0.375,52.13519541471811,68.57266418205842
30,0.29166666666666663,0.41666666666666663,56.9722870674369,68.05039058347268
30,0.29166666666666663,0.4583333333333333,65.9997548806044,66.84461086794133
30,0.29166666666666663,0.5,67.34218179699391,64.17156783823346
30,0.29166666666666663,0.5416666666666666,66.95383381025506,68.1296803565041
30,0.29166666666666663,0.5833333333333333,56.770753448952235,65.22401794917629
30,0.29166666666666663,0.625,52.42851892653246,69.13669396330458
30,0.29166666666666663,0.6666666666666666,41.01438976804467,70.56821880424948
30,0.29166666666666663,0.7083333333333333,19.7751800965901,68.45877379333642
30,0.29166666666666663,0.75,12.84480712725274,70.20437341917949
30,0.29166666666666663,0.7916666666666666,2.7025757455276844,66.60424525186386
30,0.29166666666666663,0.8333333333333333,7.756413646631391,66.24983360322136
30,0.29166666666666663,0.875,1.4028453248689652,68.79421080257472
30,0.29166666666666663,0.9166666666666666,0.0,67.02749147635862
30,0.29166666666666663,0.9583333333333333,0.0,67.37137613942087
30,0.29166666666666663,1.0,0.0,70.28124341289033
30,0.3333333333333333,0.0,0.0,72.92836200807554
30,0.3333333333333333,0.041666666666666664,3.5132068258568094,67.5805555354096
30,0.3333333333333333,0.08333333333333333,3.8964626956957193,69.9758693008082
30,0.3333333333333333,0.125,4.548066398076658,73.02518159047418
30,0.3333333333333333,0.16666666666666666,9.855221409932572,73.0456874536769
30,0.3333333333333333,0.20833333333333331,10.322396063792699,69.88196095332657
30,0.3333333333333333,0.25,21.913406963606008,71.56081832433362
30,0.3333333333333333,0.29166666666666663,36.823675785721306,70.64880617836592
30,0.3333333333333333,0.3333333333333333,56.544143561732085,70.28820117938714
30,0.3333333333333333,0.375,71.78263581073205,71.39541649257141
30,0.3333333333333333,0.41666666666666663,87.36707566641878,69.90157544419205
30,0.3333333333333333,0.4583333333333333,87.26741756913988,69.35840729089627
30,0.3333333333333333,0.5,94.84792445686479,71.8618720881815
30,0.3333333333333333,0.5416666666666666,88.62025509003534,74.52682342319507
30,0.3333333333333333,0.5833333333333333,79.2814261105015,72.74912303812428
30,0.3333333333333333,0.625,72.29703147733842,70.29659671697581
30,0.3333333333333333,0.6666666666666666,50.00129805495102,69.56676848189446
30,0.3333333333333333,0.7083333333333333,40.017113878756746,68.19667928101013
30,0.3333333333333333,0.75,20.356213471011635,69.38846810012474
30,0.3333333333333333,0.7916666666666666,10.896418407152652,69.54708172398121
30,0.3333333333333333,0.8333333333333333,2.7024769493761625,68.33667102406591
30,0.3333333333333333,0.875,2.3067673794059713,69.33511188527817
30,0.3333333333333333,0.9166666666666666,0.5839118741419593,67.48030583111479
30,0.3333333333333333,0.9583333333333333,0.0,70.23698528477779
30,0.3333333333333333,1.0,0.0,70.555196084858
30,0.375,0.0,0.0,74.59250536440192
30,0.375,0.041666666666666664,2.084755720674911,75.33190898673679
30,0.375,0.08333333333333333,3.2901539748986193,75.50078506140588
30,0.375,0.125,7.067524306441074,73.87154257002732
30,0.375,0.16666666666666666,5.094933896193981,73.09561182859825
30,0.375,0.20833333333333331,16.272885942065002,71.721675273113
30,0.375,0.25,28.62598520678488,75.27208983310516
30,0.375,0.29166666666666663,52.74310589479192,71.70861739424825
30,0.375,0.3333333333333333,66.7373056887099,72.1396801871339
30,0.375,0.375,80.85302980345567,75.23198341095821
30,0.375,0.41666666666666663,98.49387829036355,70.87860816771828
30,0.375,0.4583333333333333,98.63777421377532,71.83430749254659
30,0.375,0.5,105.0,70.70006723524827
30,0.375,0.5416666666666666,96.9651725009698,76.4313278053776
30,0.375,0.5833333333333333,103.47375240083397,76.40791868388773
30,0.375,0.625,88.81500384324492,72.33379361036222
30,0.375,0.6666666666666666,67.2977215718436,74.78372216684191
30,0.375,0.7083333333333333,46.71509558791972,73.0086220663293
30,0.375,0.75,29.67407451193553,75.24294917304051
30,0.375,0.7916666666666666,12.98568561019662,75.21653182969041
30,0.375,0.8333333333333333,4.65111571784781,72.24826615012886
30,0.375,0.875,0.0,73.72440276418796
30,0.375,0.9166666666666666,0.16273171791222063,73.43586217634707
30,0.375,0.9583333333333333,0.0,73.44039199990854
30,0.375,1.0,6.645431326489462,74.17943597161563
30,0.41666666666666663,0.0,4.112678107939673,74.80678147136744
30,0.41666666666666663,0.041666666666666664,0.22107409357790503,77.24603972338532
30,0.41666666666666663,0.08333333333333333,11.941617118794795,73.76199403409518
30,0.41666666666666663,0.125,5.461163898231284,73.96874492717467
30,0.41666666666666663,0.16666666666666666,11.330088206570403,75.31489605398153
30,0.41666666666666663,0.20833333333333331,18.24425162695621,71.85560543570712
30,0.41666666666666663,0.25,31.931811167434073,77.55068027997507
30,0.41666666666666663,0.29166666666666663,61.34914655709565,74.95394952925778
30,0.41666666666666663,0.3333333333333333,85.26885154940643,74.79730303832969
30,0.41666666666666663,0.375,105.0,75.20996369710947
30,0.41666666666666663,0.41666666666666663,103.90739127029688,75.334816187438
30,0.41666666666666663,0.4583333333333333,89.35237382689637,76.04782162200162
30,0.41666666666666663,0.5,92.91421610201338,74.02703355676651
30,0.41666666666666663,0.5416666666666666,100.66169827864333,76.25862882851379
30,0.41666666666666663,0.5833333333333333,103.11668899375901,72.51369782921309
30,0.41666666666666663,0.625,95.11987725033768,71.58892912667135
30,0.41666666666666663,0.6666666666666666,85.3567909067004,77.07734028946115
30,0.41666666666666663,0.7083333333333333,58.77834843314459,79.58012983375768
30,0.41666666666666663,0.75,34.08650979746332,75.43623872712735
30,0.41666666666666663,0.7916666666666666,12.032944257427264,70.92211689824903
30,0.41666666666666663,0.8333333333333333,10.709657865347358,75.18475873937693
30,0.41666666666666663,0.875,11.67691483098442,75.4218193320358
30,0.41666666666666663,0.9166666666666666,6.544060376232197,73.4171092220659
30,0.41666666666666663,0.9583333333333333,2.9126213439806214,77.76743470909362
30,0.41666666666666663,1.0,0.5556862335432827,77.76491274436532
30,0.4583333333333333,0.0,4.619239954902893,76.53860291969391
30,0.4583333333333333,0.041666666666666664,0.0,74.76111037147815
30,0.4583333333333333,0.08333333333333333,0.0,77.95035721095077
30,0.4583333333333333,0.125,10.38539868301736,76.59445623497875
30,0.4583333333333333,0.16666666666666666,12.65460153563652,72.0270387655061
30,0.4583333333333333,0.20833333333333331,28.31635344297093,73.25344402179007
30,0.4583333333333333,0.25,41.735322184458646,79.98107947587108
30,0.4583333333333333,0.29166666666666663,70.31085530187552,74.48403258093866
30,0.4583333333333333,0.3333333333333333,86.39291992059003,76.54201441340582
30,0.4583333333333333,0.375,104.49447991958826,76.43391834238078
30,0.4583333333333333,0.41666666666666663,95.69004532446435,76.976561539503
30,0.4583333333333333,0.4583333333333333,83.3952643920938,72.90031554466447
30,0.4583333333333333,0.5,63.51229022600076,78.57812776293108
30,0.4583333333333333,0.5416666666666666,77.5931489506447,71.67112221233769
30,0.4583333333333333,0.5833333333333333,93.15485870186946,75.585952424499
30,0.4583333333333333,0.625,98.48534189055117,78.3287961586135
30,0.4583333333333333,0.6666666666666666,85.23988564620866,75.81904092517138
30,0.4583333333333333,0.7083333333333333,62.490724996840974,80.07990741953131
30,0.4583333333333333,0.75,39.13628387414685,72.61231974642966
30,0.4583333333333333,0.7916666666666666,26.57129575136181,76.3449746442167
30,0.4583333333333333,0.8333333333333333,5.760340405203301,77.05791031301555
30,0.4583333333333333,0.875,7.230755739678465,75.03375975075747
30,0.4583333333333333,0.9166666666666666,3.5502649742293437,77.77280402785665
30,0.4583333333333333,0.9583333333333333,3.0986648373461323,74.95290740910853
30,0.4583333333333333,1.0,0.0,74.98575386555865
30,0.5,0.0,0.0,76.12055587193227
30,0.5,0.041666666666666664,0.0,75.90863526844895
30,0.5,0.08333333333333333,0.8389052743062696,75.79042028315739
30,0.5,0.125,6.52047121833226,73.88874676275465
30,0.5,0.16666666666666666,7.928441970141877,75.04433391649656
30,0.5,0.20833333333333331,21.511785092570317,77.20626657350147
30,0.5,0.25,46.70998471681675,76.11731187232027
30,0.5,0.29166666666666663,69.56164487233852,77.3068031595972
30,0.5,0.3333333333333333,94.99624371910971,78.02200120733798
30,0.5,0.375,99.09190874361025,76.36684356201587
30,0.5,0.41666666666666663,84.95629178434322,75.7669937333761
30,0.5,0.4583333333333333,79.17583818704986,74.80606923634011
30,0.5,0.5,49.509505141013626,77.48340718740221
30,0.5,0.5416666666666666,66.79961136880029,72.61669549168819
30,0.5,0.5833333333333333,88.45248665180226,78.79585486557706
30,0.5,0.625,104.13422320989432,77.50889766476602
30,0.5,0.6666666666666666,90.01960216808945,77.59381450958038
30,0.5,0.7083333333333333,66.10949454636216,77.98253413159453
30,0.5,0.75,47.48481211068033,77.65273954243011
30,0.5,0.7916666666666666,37.10245640181708,81.84304075638191
30,0.5,0.8333333333333333,8.053941050690337,76.73322334353094
30,0.5,0.875,4.335597267091963,76.92368111797317
30,0.5,0.9166666666666666,10.910901343847932,74.0148197473367
30,0.5,0.9583333333333333,0.09404827220986367,78.96627486459779
30,0.5,1.0,0.0,79.54392524979285
30,0.5416666666666666,0.0,0.5845512050149722,75.77696189095658
30,0.5416666666666666,0.041666666666666664,2.9405898226911695,75.47865115417362
30,0.5416666666666666,0.08333333333333333,5.430124077612485,79.44889650834857
30,0.5416666666666666,0.125,0.0,78.05186826495421
30,0.5416666666666666,0.16666666666666666,3.1503400412562828,72.26550013021082
30,0.5416666666666666,0.20833333333333331,27.092552473708224,76.68920493302113
30,0.5416666666666666,0.25,45.42435289850755,74.17084081164795
30,0.5416666666666666,0.29166666666666663,66.00200374095331,75.33086241316262
30,0.5416666666666666,0.3333333333333333,83.1016618955659,76.91383291800177
30,0.5416666666666666,0.375,98.8034710642977,77.04236543428723
30,0.5416666666666666,0.41666666666666663,85.2913557257555,70.75381803614479
30,0.5416666666666666,0.4583333333333333,77.97838604164531,75.41354631250245
30,0.5416666666666666,0.5,72.69241303068702,74.85453482804546
30,0.5416666666666666,0.5416666666666666,77.10067897040004,73.9442554140887
30,0.5416666666666666,0.5833333333333333,98.70212950825784,76.11968671619276
30,0.5416666666666666,0.625,105.0,75.72786803519416
30,0.5416666666666666,0.6666666666666666,91.181857315865,75.67582715876829
30,0.5416666666666666,0.7083333333333333,66.96408880699997,76.5806037445544
30,0.5416666666666666,0.75,39.053498119102535,74.89422540929405
30,0.5416666666666666,0.7916666666666666,25.276333982218887,74.37462224714972
30,0.5416666666666666,0.8333333333333333,2.1815954300991116,74.75561720565507
30,0.5416666666666666,0.875,0.0,76.68927755190742
30,0.5416666666666666,0.9166666666666666,0.0,74.01984133691982
30,0.5416666666666666,0.9583333333333333,0.5674346691767242,74.95941354015041
30,0.5416666666666666,1.0,2.2079465207701854,76.10756174089661
30,0.5833333333333333,0.0,0.0,76.06465330302498
30,0.5833333333333333,0.041666666666666664,1.4066419564540236,73.68571384632692
30,0.5833333333333333,0.08333333333333333,4.852448854831908,74.76999568191881
30,0.5833333333333333,0.125,5.147938992934055,74.70097557022238
30,0.5833333333333333,0.16666666666666666,10.675466610681582,73.64119105411564
30,0.5833333333333333,0.20833333333333331,22.01516423223219,75.21208600859761
30,0.5833333333333333,0.25,37.64463452618103,74.9491920013286
30,0.5833333333333333,0.29166666666666663,59.748586526849195,75.92824057194076
30,0.5833333333333333,0.3333333333333333,89.01185176208429,73.30444954467863
30,0.5833333333333333,0.375,95.93229720092674,71.9763144991716
30,0.5833333333333333,0.41666666666666663,98.42216645404952,74.84697337469568
30,0.5833333333333333,0.4583333333333333,96.59351913546588,72.36890841685002
30,0.5833333333333333,0.5,88.83898639532018,74.90438252184022
30,0.5833333333333333,0.5416666666666666,105.0,75.18056056320735
30,0.5833333333333333,0.5833333333333333,100.20868256131399,73.44478053737275
30,0.5833333333333333,0.625,95.30024279781152,70.00956394552873
30,0.5833333333333333,0.6666666666666666,79.94772173611454,73.30162890884705
30,0.5833333333333333,0.7083333333333333,59.50844775392182,73.97001167172795
30,0.5833333333333333,0.75,46.542259126313056,76.78140894312142
30,0.5833333333333333,0.7916666666666666,19.88125266672527,71.03422784745187
30,0.5833333333333333,0.8333333333333333,16.026620084822753,73.69915761638187
30,0.5833333333333333,0.875,0.0,74.55449534014109
30,0.5833333333333333,0.9166666666666666,0.4023020330563808,77.64102069819934
30,0.5833333333333333,0.9583333333333333,0.5607319518175936,75.77476624244186
30,0.5833333333333333,1.0,2.4150599889692566,77.86117238508103
30,0.625,0.0,2.6952904329951677,72.92855065388689
30,0.625,0.041666666666666664,0.0,70.41564601867107
30,0.625,0.08333333333333333,0.0,67.15349762825772
30,0.625,0.125,6.724442253546323,71.6970334889174
30,0.625,0.16666666666666666,4.606429878437128,74.6422233948239
30,0.625,0.20833333333333331,14.256327288697149,73.72114231047799
30,0.625,0.25,27.611551936575864,72.59478896748112
30,0.625,0.29166666666666663,49.89051884351371,76.4237793778305
30,0.625,0.3333333333333333,64.13837291787003,71.46709222833574
30,0.625,0.375,88.78236359763044,74.39992838048579
30,0.625,0.41666666666666663,95.46125514892499,73.13642628104087
30,0.625,0.4583333333333333,99.3021554168125,74.60399447890195
30,0.625,0.5,94.04489598969037,72.93724489124378
30,0.625,0.5416666666666666,105.0,75.24174002700993
30,0.625,0.5833333333333333,94.2545525335688,74.07333241116623
30,0.625,0.625,83.0807622597118,74.21925698182902
30,0.625,0.6666666666666666,72.24204256482338,73.25382524056052
30,0.625,0.7083333333333333,51.22207598769049,72.77795037401538
30,0.625,0.75,34.70152283316148,75.00233855670365
30,0.625,0.7916666666666666,18.390133351751484,75.48251557150857
30,0.625,0.8333333333333333,11.569545455704446,73.52154222437578
30,0.625,0.875,5.107371920573184,73.14798461040094
30,0.625,0.9166666666666666,0.0,75.6404787591108
30,0.625,0.9583333333333333,0.0,73.07842788429598
30,0.625,1.0,8.115484443730423,72.9470768125263
30,0.6666666666666666,0.0,0.0,67.48075104011407
30,0.6666666666666666,0.041666666666666664,1.4626081904187351,71.32911957408828
30,0.6666666666666666,0.08333333333333333,0.0,73.24021440908541
30,0.6666666666666666,0.125,0.0,68.47736055293952
30,0.6666666666666666,0.16666666666666666,2.0325002107708117,70.54910387576332
30,0.6666666666666666,0.20833333333333331,9.935467448173663,71.04792176812626
30,0.6666666666666666,0.25,16.870962588508526,69.13935282337185
30,0.6666666666666666,0.29166666666666663,29.032003083915736,70.69990059996496
30,0.6666666666666666,0.3333333333333333,60.04914881088777,73.01948590326543
30,0.6666666666666666,0.375,64.7665192405645,69.82788800982888
30,0.6666666666666666,0.41666666666666663,87.66528210881008,70.16564821800917
30,0.6666666666666666,0.4583333333333333,87.71686912221406,68.2542300747872
30,0.6666666666666666,0.5,98.70309807309658,73.09961022418464
30,0.6666666666666666,0.5416666666666666,85.28174600395515,72.9097135782469
30,0.6666666666666666,0.5833333333333333,78.96493873025757,71.22838132732662
30,0.6666666666666666,0.625,75.43598142687485,69.21540299603768
30,0.6666666666666666,0.6666666666666666,50.48058096576309,68.91941486870061
30,0.6666666666666666,0.7083333333333333,36.20324739968339,72.65805162610503
30,0.6666666666666666,0.75,24.667011415622735,74.2847136971906
30,0.6666666666666666,0.7916666666666666,18.073786691897656,72.31919244537048
30,0.6666666666666666,0.8333333333333333,0.0,68.99629163563765
30,0.6666666666666666,0.875,3.66499836897498,71.42558061085674
30,0.6666666666666666,0.9166666666666666,0.0,69.84513806898605
30,0.6666666666666666,0.9583333333333333,1.6429828022877373,68.03491275478407
30,0.6666666666666666,1.0,0.0,71.74601211863461
30,0.7083333333333333,0.0,5.051258628197018,70.96654362175917
30,0.7083333333333333,0.041666666666666664,0.0,65.86522460350119
30,0.7083333333333333,0.08333333333333333,0.10297096114964543,69.06822928952455
30,0.7083333333333333,0.125,0.0,65.25262703277387
30,0.7083333333333333,0.16666666666666666,0.0,68.03900347886156
30,0.7083333333333333,0.20833333333333331,7.4586606077219955,67.98468332932579
30,0.7083333333333333,0.25,12.954572200071292,70.18384026317254
30,0.7083333333333333,0.29166666666666663,22.226073143749502,67.61892117722653
30,0.7083333333333333,0.3333333333333333,30.178378186020158,68.95492498940428
30,0.7083333333333333,0.375,53.69139923752208,69.6180034836374
30,0.7083333333333333,0.41666666666666663,57.44183122360253,70.56906483413118
30,0.7083333333333333,0.4583333333333333,66.87333046507588,71.89708804365078
30,0.7083333333333333,0.5,71.55211526354061,70.77396371984432
30,0.7083333333333333,0.5416666666666666,68.99154746609186,68.66094088715
30,0.7083333333333333,0.5833333333333333,57.79978993949487,66.91959200555976
30,0.7083333333333333,0.625,54.19966151246939,66.46787848383097
30,0.7083333333333333,0.6666666666666666,42.87160216742744,64.84820120681233
30,0.7083333333333333,0.7083333333333333,23.389134458153443,67.32183032069109
30,0.7083333333333333,0.75,20.18232418224943,67.3980519622543
30,0.7083333333333333,0.7916666666666666,4.601358988090932,66.72415357981266
30,0.7083333333333333,0.8333333333333333,5.3025438428567035,67.96686886343147
30,0.7083333333333333,0.875,0.640102031239477,65.27423277777648
30,0.7083333333333333,0.9166666666666666,0.0,67.73949936675912
30,0.7083333333333333,0.9583333333333333,0.0,71.82284373107609
30,0.7083333333333333,1.0,9.529054784702033,68.1966070821846
30,0.75,0.0,0.0,66.82854514274901
30,0.75,0.041666666666666664,3.056829615703509,63.60942555311158
30,0.75,0.08333333333333333,2.373288098793172,64.3656102448346
30,0.75,0.125,0.0,65.12507039773334
30,0.75,0.16666666666666666,4.8840290497918195,65.74877631009598
30,0.75,0.20833333333333331,4.882574299094577,65.8048628002254
30,0.75,0.25,0.07719067802818103,68.15794258704128
30,0.75,0.29166666666666663,13.020965690966163,64.4143455454799
30,0.75,0.3333333333333333,17.489691708750676,62.70891718047528
30,0.75,0.375,31.1488541142359,67.61692190061
30,0.75,0.41666666666666663,37.963303128033985,64.79212012447907
30,0.75,0.4583333333333333,45.2186083241838,59.06564212575212
30,0.75,0.5,46.28245449156752,64.63758398329283
30,0.75,0.5416666666666666,46.472581085835465,67.73636022015603
30,0.75,0.5833333333333333,37.15039498369758,63.102258000837956
30,0.75,0.625,33.09304853973485,65.56755440098739
30,0.75,0.6666666666666666,23.87478647037517,67.08643581316396
30,0.75,0.7083333333333333,13.356867753959207,64.1209382407412
30,0.75,0.75,8.54497090046591,65.71153248093844
30,0.75,0.7916666666666666,9.057239856472052,65.83406500060735
30,0.75,0.8333333333333333,6.3325622116537446,67.37422829376739
30,0.75,0.875,1.3522330587828306,60.918176590035706
30,0.75,0.9166666666666666,0.0,66.98313046814937
30,0.75,0.9583333333333333,3.667017092361016,64.05931089807295
30,0.75,1.0,0.0,70.28336563115968
30,0.7916666666666666,0.0,0.0,58.545425435747894
30,0.7916666666666666,0.041666666666666664,2.0562403543470134,65.4648181622547
30,0.7916666666666666,0.08333333333333333,0.0,62.54095896647778
30,0.7916666666666666,0.125,0.0,62.35423634960615
30,0.7916666666666666,0.16666666666666666,3.2440718210185606,60.41198683727158
30,0.7916666666666666,0.20833333333333331,0.0,59.891211570338
30,0.7916666666666666,0.25,7.453360960220955,64.64757180080369
30,0.7916666666666666,0.29166666666666663,2.050874419625541,64.73049827228935
30,0.7916666666666666,0.3333333333333333,8.205401067481764,62.49519721111187
30,0.7916666666666666,0.375,13.863949142629574,61.84161422496943
30,0.7916666666666666,0.41666666666666663,26.18923876696213,62.78228421639091
30,0.7916666666666666,0.4583333333333333,20.436355913684494,65.7285186644364
30,0.7916666666666666,0.5,32.75852155461174,62.64078148351758
30,0.7916666666666666,0.5416666666666666,30.440274575471864,66.14107550353214
30,0.7916666666666666,0.5833333333333333,17.893170742849787,59.06984199826832
30,0.7916666666666666,0.625,10.613099135357675,59.514543528168915
30,0.7916666666666666,0.6666666666666666,8.86080618021882,66.19433345963607
30,0.7916666666666666,0.7083333333333333,4.822967403867813,61.28495423748789
30,0.7916666666666666,0.75,9.738041522264776,61.94203686651823
30,0.7916666666666666,0.7916666666666666,3.5924613385644015,66.68160749626877
30,0.7916666666666666,0.8333333333333333,0.0,60.07603343681449
30,0.7916666666666666,0.875,0.0,62.8008276395712
30,0.7916666666666666,0.9166666666666666,0.4972483456146112,63.4438549038213
30,0.7916666666666666,0.9583333333333333,0.0,61.57466513605262
30,0.7916666666666666,1.0,0.0,62.12463993926275
30,0.8333333333333333,0.0,2.0770300611803783,60.37956970808098
30,0.8333333333333333,0.041666666666666664,0.9386168281418318,61.40768044762296
30,0.8333333333333333,0.08333333333333333,0.0,59.06365071310474
30,0.8333333333333333,0.125,1.5872641094683912,56.09125735502293
30,0.8333333333333333,0.16666666666666666,11.544994224031614,57.91768412127827
30,0.8333333333333333,0.20833333333333331,4.640825877600474,58.59557584092407
30,0.8333333333333333,0.25,1.52073619519529,59.12900736160533
30,0.8333333333333333,0.29166666666666663,9.62739202504542,59.148748796347036
30,0.8333333333333333,0.3333333333333333,7.603632051916188,60.732596683317844
30,0.8333333333333333,0.375,9.043687820429863,60.77292582432662
30,0.8333333333333333,0.41666666666666663,5.976584390402774,55.64453639828042
30,0.8333333333333333,0.4583333333333333,9.44504299437942,57.529375006577276
30,0.8333333333333333,0.5,2.6593370889310872,61.74946196802969
30,0.8333333333333333,0.5416666666666666,3.416224605200198,62.70417366622608
30,0.8333333333333333,0.5833333333333333,3.3912048328248723,57.55483343780759
30,0.8333333333333333,0.625,9.952957285167662,60.43738787449939
30,0.8333333333333333,0.6666666666666666,9.42735791589828,59.45200450293684
30,0.8333333333333333,0.7083333333333333,1.7234230307042468,53.9478660833557
30,0.8333333333333333,0.75,3.0296791309238245,58.77414617977728
30,0.8333333333333333,0.7916666666666666,0.2969323128100496,60.235746868590276
30,0.8333333333333333,0.8333333333333333,6.1271190554234956,57.519322686358656
30,0.8333333333333333,0.875,0.0,58.53680476448861
30,0.8333333333333333,0.9166666666666666,0.0,61.23038053098039
30,0.8333333333333333,0.9583333333333333,0.0,55.44707626671426
30,0.8333333333333333,1.0,0.9553285122123991,59.09449999130559
30,0.875,0.0,0.6956481197222519,53.1726959061165
30,0.875,0.041666666666666664,0.0,56.00826240156306
30,0.875,0.08333333333333333,3.009573233345623,53.93050402445542
30,0.875,0.125,0.039424897876058636,55.326878973663646
30,0.875,0.16666666666666666,0.9944471134186077,57.63742188310377
30,0.875,0.20833333333333331,2.7781519386004097,58.5115626683933
30,0.875,0.25,7.961198158758309,54.83903778303395
30,0.875,0.29166666666666663,5.915547520881637,55.332650549016535
30,0.875,0.3333333333333333,1.014238970319629,54.93068146923387
30,0.875,0.375,4.729814321404435,52.85397575030386
30,0.875,0.41666666666666663,0.0,54.439179882310235
30,0.875,0.4583333333333333,0.0,52.26576661256605
30,0.875,0.5,4.600359436400435,55.256666340722894
30,0.875,0.5416666666666666,0.13332119943309095,56.94132303323917
30,0.875,0.5833333333333333,9.507324582705941,53.72974922438836
30,0.875,0.625,6.693576065167097,54.241808713485455
30,0.875,0.6666666666666666,6.014456542700696,57.77283064018002
30,0.875,0.7083333333333333,0.0,60.00260871221235
30,0.875,0.75,0.0,52.82877360370596
30,0.875,0.7916666666666666,0.0,56.55920060115384
30,0.875,0.8333333333333333,0.0,53.796605985580776
30,0.875,0.875,3.8390351107475014,57.15123012418988
30,0.875,0.9166666666666666,0.0,59.985437962915434
30,0.875,0.9583333333333333,0.0,54.651385371613365
30,0.875,1.0,0.0,55.1803005458257
30,0.9166666666666666,0.0,0.0,54.45399045080681
30,0.9166666666666666,0.041666666666666664,0.0,53.90870095101811
30,0.9166666666666666,0.08333333333333333,0.0,56.50206950162315
30,0.9166666666666666,0.125,0.0,52.36153177476199
30,0.9166666666666666,0.16666666666666666,2.469573817255063,55.160552472138015
30,0.9166666666666666,0.20833333333333331,1.748556886777119,53.61391518726046
30,0.9166666666666666,0.25,7.169283241744621,53.132784295772915
30,0.9166666666666666,0.29166666666666663,0.9108887910023522,51.627975343977816
30,0.9166666666666666,0.3333333333333333,4.590658887471219,53.19557150833704
30,0.9166666666666666,0.375,0.0,49.75100936858516
30,0.9166666666666666,0.41666666666666663,0.0,53.5023555725915
30,0.9166666666666666,0.4583333333333333,2.5548135578524747,55.316879917039316
30,0.9166666666666666,0.5,0.0,47.67906573325015
30,0.9166666666666666,0.5416666666666666,1.9302042384084919,52.48609326286917
30,0.9166666666666666,0.5833333333333333,0.0,54.11007870490674
30,0.9166666666666666,0.625,0.0,52.78411448562296
30,0.9166666666666666,0.6666666666666666,0.0,53.75010098552586
30,0.9166666666666666,0.7083333333333333,6.2743444964877195,50.73556937229185
30,0.9166666666666666,0.75,1.62582790894342,53.122269612560416
30,0.9166666666666666,0.7916666666666666,0.667494164108566,55.949235133175236
30,0.9166666666666666,0.8333333333333333,6.274418955608054,51.759753069171666
30,0.9166666666666666,0.875,2.1917159238882564,52.99697511406804
30,0.9166666666666666,0.9166666666666666,0.0,54.439343119382
30,0.9166666666666666,0.9583333333333333,1.493014404259613,55.24775632093492
30,0.9166666666666666,1.0,1.0226975228389739,52.22439266418391
30,0.9583333333333333,0.0,0.0,50.11821020295762
30,0.9583333333333333,0.041666666666666664,3.1037516685593234,49.43628575664089
30,0.9583333333333333,0.08333333333333333,0.8717237964785056,51.4080394341191
30,0.9583333333333333,0.125,8.971316372554195,51.169889429907016
30,0.9583333333333333,0.16666666666666666,4.30691171576278,49.933166464966845
30,0.9583333333333333,0.20833333333333331,0.0,52.00244031936565
30,0.9583333333333333,0.25,0.0,48.77660151177251
30,0.9583333333333333,0.29166666666666663,4.225562844525083,49.714210923157054
30,0.9583333333333333,0.3333333333333333,1.0065744516291752,48.24816555085938
30,0.9583333333333333,0.375,0.0,49.06906389150051
30,0.9583333333333333,0.41666666666666663,0.0,51.302871185948554
30,0.9583333333333333,0.4583333333333333,0.0,48.506544978998384
30,0.9583333333333333,0.5,0.0,49.56429336458657
30,0.9583333333333333,0.5416666666666666,6.619078535926784,48.572172738135144
30,0.9583333333333333,0.5833333333333333,0.0,51.80209538527306
30,0.9583333333333333,0.625,0.0,50.00727652724717
30,0.9583333333333333,0.6666666666666666,1.0828372522813958,51.54341851629713
30,0.9583333333333333,0.7083333333333333,0.0,49.757776873282566
30,0.9583333333333333,0.75,0.06794486559677654,48.730628198697865
30,0.9583333333333333,0.7916666666666666,0.0,52.98064407845423
30,0.9583333333333333,0.8333333333333333,0.0,48.01381106207796
30,0.9583333333333333,0.875,3.0263830090937667,47.72818207345979
30,0.9583333333333333,0.9166666666666666,0.0,48.70251583613426
30,0.9583333333333333,0.9583333333333333,5.841189305214711,50.452317963152666
30,0.9583333333333333,1.0,5.03867290337109,50.43306219197172
30,1.0,0.0,0.0,46.46880053896949
30,1.0,0.041666666666666664,0.10836554087383712,49.57080151809385
30,1.0,0.08333333333333333,2.4833669465725245,46.67495429635293
30,1.0,0.125,0.0,49.00914180245183
30,1.0,0.16666666666666666,0.0,47.24996801008473
30,1.0,0.20833333333333331,0.0,46.16800260051372
30,1.0,0.25,2.445648972009005,48.88356953880538
30,1.0,0.29166666666666663,0.9497125854745588,49.36886508459716
30,1.0,0.3333333333333333,0.0,47.29824785177182
30,1.0,0.375,0.0,47.518338599210495
30,1.0,0.41666666666666663,9.292875133363598,48.99906741831165
30,1.0,0.4583333333333333,0.0,47.8845745066539
30,1.0,0.5,5.061929300316996,51.62282414509325
30,1.0,0.5416666666666666,3.126302185905007,48.941806219729216
30,1.0,0.5833333333333333,0.0,45.81741202545034
30,1.0,0.625,0.02906561863525924,48.106636246979996
30,1.0,0.6666666666666666,6.5647914685978765,51.51231009882198
30,1.0,0.7083333333333333,4.311252200921835,46.60986081537297
30,1.0,0.75,0.0,46.40289108588472
30,1.0,0.7916666666666666,1.1783710354156534,46.3035982821871
30,1.0,0.8333333333333333,0.0,45.86373261078317
30,1.0,0.875,0.0,49.574224932212424
30,1.0,0.9166666666666666,3.5140851613289876,47.31438716664491
30,1.0,0.9583333333333333,0.0,44.88551781076497
30,1.0,1.0,5.070345149663267,47.469156033025584
60,0.0,0.0,2.276791095185632,53.74619684500664
60,0.0,0.041666666666666664,0.0,55.29820462737196
60,0.0,0.08333333333333333,0.0,55.03368732875036
60,0.0,0.125,0.0,54.74661719348161
60,0.0,0.16666666666666666,11.491641447587135,53.881597276651576
60,0.0,0.20833333333333331,0.0,51.689473323043025
60,0.0,0.25,2.5013036967903197,51.7332485251048
60,0.0,0.29166666666666663,0.0,52.720562246507164
60,0.0,0.3333333333333333,0.0,54.67434386634759
60,0.0,0.375,0.0,55.368082934978624
60,0.0,0.41666666666666663,0.0,52.307188609543495
60,0.0,0.4583333333333333,4.710282764367632,52.21517538618727
60,0.0,0.5,12.074590506667374,54.12191932052644
60,0.0,0.5416666666666666,7.028026133821647,54.39348778811171
60,0.0,0.5833333333333333,7.652862179643062,52.94752606967383
60,0.0,0.625,4.657568400650215,55.048502036111074
60,0.0,0.6666666666666666,8.24714006182673,55.61109575064372
60,0.0,0.7083333333333333,0.0,51.78723148684306
60,0.0,0.75,5.773208082275534,57.01425843442455
60,0.0,0.7916666666666666,5.632999902676901,57.55098329663818
60,0.0,0.8333333333333333,4.413775952139708,56.51147784881982
60,0.0,0.875,3.929742482293303,53.587853111075816
60,0.0,0.9166666666666666,0.0,54.583502681696636
60,0.0,0.9583333333333333,0.0,52.63011831893342
60,0.0,1.0,0.0,53.31077166298884
60,0.041666666666666664,0.0,0.2650623484572851,56.3836406830906
60,0.041666666666666664,0.041666666666666664,2.4226650065893063,55.811930206545625
60,0.041666666666666664,0.08333333333333333,9.29032722178361,59.24222828408757
60,0.041666666666666664,0.125,0.0,57.347055588781934
60,0.041666666666666664,0.16666666666666666,0.0,57.5050404675119
60,0.041666666666666664,0.20833333333333331,13.08621138921238,56.58708747001459
60,0.041666666666666664,0.25,0.2600325536944945,57.11439583268062
60,0.041666666666666664,0.29166666666666663,6.842508012128006,59.246398064284186
60,0.041666666666666664,0.3333333333333333,2.8961668054110152,55.16812846070767
60,0.041666666666666664,0.375,9.629218647541974,55.18883537584158
60,0.041666666666666664,0.41666666666666663,23.354744526374787,51.55038604817691
60,0.041666666666666664,0.4583333333333333,9.680142184275512,55.6383836557043
60,0.041666666666666664,0.5,7.946568405278709,57.84795929264929
60,0.041666666666666664,0.5416666666666666,10.362899892886787,56.3525785289251
60,0.041666666666666664,0.5833333333333333,14.946864631854837,57.43923630400939
60,0.041666666666666664,0.625,8.159504654714336,55.07653113865068
60,0.041666666666666664,0.6666666666666666,10.815517908390632,54.502092143475195
60,0.041666666666666664,0.7083333333333333,9.211111464918698,55.35715028505452
60,0.041666666666666664,0.75,12.24360749329935,57.1298513572523
60,0.041666666666666664,0.7916666666666666,2.2024922232286297,56.331583701184975
60,0.041666666666666664,0.8333333333333333,0.9241205207245948,58.41763127096382
60,0.041666666666666664,0.875,0.0,55.44054619415473
60,0.041666666666666664,0.9166666666666666,0.0,57.76214090618844
60,0.041666666666666664,0.9583333333333333,0.0,54.631161766571196
60,0.041666666666666664,1.0,6.146179830670365,52.28598326935132
60,0.08333333333333333,0.0,0.0,58.672531272905125
60,0.08333333333333333,0.041666666666666664,0.48839529975851115,61.51969119422532
60,0.08333333333333333,0.08333333333333333,1.930276606093071,59.34061501460319
60,0.08333333333333333,0.125,4.4512565463600735,56.334586737410795
60,0.08333333333333333,0.16666666666666666,0.0,59.35620691925777
60,0.08333333333333333,0.20833333333333331,13.129164615785857,58.47253600415266
60,0.08333333333333333,0.25,5.774194288902777,58.27453813238836
60,0.08333333333333333,0.29166666666666663,5.482419047295188,55.6418933423385
60,0.08333333333333333,0.3333333333333333,16.236122555876975,59.8391060337841
60,0.08333333333333333,0.375,15.95964526620229,59.34846243759185
60,0.08333333333333333,0.41666666666666663,23.708757463788405,58.00298654413221
60,0.08333333333333333,0.4583333333333333,20.78781685593738,56.04207319654234
60,0.08333333333333333,0.5,22.47713389805299,61.589478247275835
60,0.08333333333333333,0.5416666666666666,20.328873329460666,58.54465802016638
60,0.08333333333333333,0.5833333333333333,23.895870824199406,59.81594569533586
60,0.08333333333333333,0.625,19.993643099916014,60.519648517526804
60,0.08333333333333333,0.6666666666666666,16.889556826060605,59.378839695857074
60,0.08333333333333333,0.7083333333333333,10.280238869104318,62.88706103682955
60,0.08333333333333333,0.75,5.993402057947517,60.60096926856667
60,0.08333333333333333,0.7916666666666666,0.44826613457274656,61.05158050802349
60,0.08333333333333333,0.8333333333333333,6.3048093178558915,59.7099406302172
60,0.08333333333333333,0.875,2.297526786872316,58.11785998383628
60,0.08333333333333333,0.9166666666666666,0.0,59.76516717889317
60,0.08333333333333333,0.9583333333333333,6.582460045789989,58.17120598723337
60,0.08333333333333333,1.0,7.424483882188654,60.959987087116005
60,0.125,0.0,0.5650382948220238,60.70232257674865
60,0.125,0.041666666666666664,7.186526159775126,63.25472069939346
60,0.125,0.08333333333333333,3.062319149374606,65.17245750714811
60,0.125,0.125,1.6618628792719647,59.61318014263282
60,0.125,0.16666666666666666,8.97401635282457,59.04512055858896
60,0.125,0.20833333333333331,3.455531028081678,61.519154777195
60,0.125,0.25,16.51327889113152,61.50511496411731
60,0.125,0.29166666666666663,26.557607206668514,60.22202429012685
60,0.125,0.3333333333333333,33.06222374093819,64.23726527973815
60,0.125,0.375,33.16250558933879,60.49505902453475
60,0.125,0.41666666666666663,38.3903421671715,60.46009072114879
60,0.125,0.4583333333333333,50.642189795260165,61.521092407097505
60,0.125,0.5,42.40321123785261,63.33908700738925
60,0.125,0.5416666666666666,41.21273413003949,58.59890858547857
60,0.125,0.5833333333333333,41.21402441613465,61.0965739292877
60,0.125,0.625,39.56269372968016,65.77692885165553
60,0.125,0.6666666666666666,29.041597067760485,61.81571312036528
60,0.125,0.7083333333333333,23.954023161873057,62.71468855026197
60,0.125,0.75,6.41126026146469,61.71526509542171
60,0.125,0.7916666666666666,4.0440374233197875,62.12516431116394
60,0.125,0.8333333333333333,0.0,66.35035399852033
60,0.125,0.875,0.9626098498071076,62.5230961800796
60,0.125,0.9166666666666666,0.0,64.41937045239304
60,0.125,0.9583333333333333,0.0,60.48244698311605
60,0.125,1.0,0.0,64.94176289733943
60,0.16666666666666666,0.0,0.0,68.18361158594882
60,0.16666666666666666,0.041666666666666664,8.231409531814663,64.64185695088439
60,0.16666666666666666,0.08333333333333333,0.0,68.64863435466445
60,0.16666666666666666,0.125,1.3990376407338574,66.24749915114614
60,0.16666666666666666,0.16666666666666666,0.0,62.82042394063515
60,0.16666666666666666,0.20833333333333331,17.37888833916404,68.04305749791624
60,0.16666666666666666,0.25,22.477611015617477,67.98869259375178
60,0.16666666666666666,0.29166666666666663,41.19277215825087,65.96271972500894
60,0.16666666666666666,0.3333333333333333,51.921283075739964,63.310324120815785
60,0.16666666666666666,0.375,58.33183139751087,69.20722095386584
60,0.16666666666666666,0.41666666666666663,58.211926733280954,66.77921410607983
60,0.16666666666666666,0.4583333333333333,70.62385640922368,63.917929055591465
60,0.16666666666666666,0.5,64.5432507912828,62.56204538147702
60,0.16666666666666666,0.5416666666666666,64.48536498795164,64.03742699521145
60,0.16666666666666666,0.5833333333333333,63.371992310889404,65.9034001611932
60,0.16666666666666666,0.625,61.57541386861254,65.68780001064754
60,0.16666666666666666,0.6666666666666666,45.85318460966979,61.79824477771757
60,0.16666666666666666,0.7083333333333333,35.02867824159549,62.18327493825134
60,0.16666666666666666,0.75,24.81004364340895,64.96625892786547
60,0.16666666666666666,0.7916666666666666,18.166308624965186,63.61395546553536
60,0.16666666666666666,0.8333333333333333,5.756259753500126,63.943628593615834
60,0.16666666666666666,0.875,3.06766598027576,63.774066221267304
60,0.16666666666666666,0.9166666666666666,6.996153079341112,63.93903355668476
60,0.16666666666666666,0.9583333333333333,6.436634064146054,62.722456989892436
60,0.16666666666666666,1.0,1.0274297886582913,62.19764405697607
60,0.20833333333333331,0.0,3.615666417907754,69.1856074963983
60,0.20833333333333331,0.041666666666666664,4.840693577201618,72.27348074972218
60,0.20833333333333331,0.08333333333333333,9.043544275728454,69.62342604645845
60,0.20833333333333331,0.125,10.567107999331457,68.38180060272445
60,0.20833333333333331,0.16666666666666666,19.1973046959211,65.34943693024258
60,0.20833333333333331,0.20833333333333331,29.813401066188923,65.3083880324897
60,0.20833333333333331,0.25,38.542919843640306,70.85704618673077
60,0.20833333333333331,0.29166666666666663,54.1226220832274,68.18306266358918
60,0.20833333333333331,0.3333333333333333,67.32394588107564,69.47437425487128
60,0.20833333333333331,0.375,74.07263353525897,68.98639586793439
60,0.20833333333333331,0.41666666666666663,92.94260968574034,67.96742339251458
60,0.20833333333333331,0.4583333333333333,91.46380168400194,69.35386458250778
60,0.20833333333333331,0.5,92.86662106670938,68.3377047050625
60,0.20833333333333331,0.5416666666666666,84.9286389822315,67.84896408700685
60,0.20833333333333331,0.5833333333333333,82.13655976438153,70.30008587401277
60,0.20833333333333331,0.625,79.99915240081489,66.51671774357
60,0.20833333333333331,0.6666666666666666,75.83991693570408,65.62749112951387
60,0.20833333333333331,0.7083333333333333,53.08374998715646,72.91243916196899
60,0.20833333333333331,0.75,34.95498482044908,65.23401259535424
60,0.20833333333333331,0.7916666666666666,25.543508931437866,67.73925324826354
60,0.20833333333333331,0.8333333333333333,8.776410543042635,72.44832560682936
60,0.20833333333333331,0.875,14.339334765725061,69.02048128995632
60,0.20833333333333331,0.9166666666666666,0.0,66.84403523084971
60,0.20833333333333331,0.9583333333333333,12.406013219351362,70.08376242329865
60,0.20833333333333331,1.0,2.4790101501988397,66.4302583174134
60,0.25,0.0,3.9409820353979317,74.1689572647915
60,0.25,0.041666666666666664,1.1323017821589887,69.94092492876379
60,0.25,0.08333333333333333,8.092982883444327,68.52757055457917
60,0.25,0.125,10.383334086913646,75.17687800557002
60,0.25,0.16666666666666666,28.743747460167484,72.83431070912168
60,0.25,0.20833333333333331,43.987399014292954,69.40230547258408
60,0.25,0.25,62.724580197667485,75.63694569234742
60,0.25,0.29166666666666663,84.2567757484086,71.97788748355919
60,0.25,0.3333333333333333,89.16033111095615,70.64442127402675
60,0.25,0.375,99.81709437526949,74.20969642046721
60,0.25,0.41666666666666663,102.99750459991884,71.14722937896136
60,0.25,0.4583333333333333,97.78586253425739,76.24378792382333
60,0.25,0.5,102.39389072374652,74.28912915365001
60,0.25,0.5416666666666666,98.80451315039589,69.05390339378194
60,0.25,0.5833333333333333,101.39919502569532,73.52080547094457
60,0.25,0.625,89.80638311796099,69.40702254519488
60,0.25,0.6666666666666666,87.41310757661006,73.21407471551461
60,0.25,0.7083333333333333,74.50239313727397,71.11909073165933
60,0.25,0.75,52.45201624064985,69.3946210746258
60,0.25,0.7916666666666666,40.58120421143177,71.64464235951682
60,0.25,0.8333333333333333,23.307458040451145,70.7643117698436
60,0.25,0.875,13.0146245903857,68.78447953627843
60,0.25,0.9166666666666666,11.515101521736991,74.4981796209503
60,0.25,0.9583333333333333,0.0,69.94721599403802
60,0.25,1.0,0.0,72.14260823062502
60,0.29166666666666663,0.0,0.0,74.87179678426972
60,0.29166666666666663,0.041666666666666664,4.395641817212561,75.4822548145316
60,0.29166666666666663,0.08333333333333333,13.559868668659847,74.41939871048176
60,0.29166666666666663,0.125,16.338863329852533,78.6143890664773
60,0.29166666666666663,0.16666666666666666,39.40087263075793,74.39018350831174
60,0.29166666666666663,0.20833333333333331,56.539405807216426,71.004657282873
60,0.29166666666666663,0.25,71.09706763195814,73.95552117205418
60,0.29166666666666663,0.29166666666666663,90.25672513196243,74.74119799271642
60,0.29166666666666663,0.3333333333333333,99.9376209121688,73.62298366357884
60,0.29166666666666663,0.375,88.50623841158162,74.23003843366587
60,0.29166666666666663,0.41666666666666663,97.84328449635585,72.59143391273592
60,0.29166666666666663,0.4583333333333333,92.21339132184956,76.84946018966876
60,0.29166666666666663,0.5,91.51653511744361,75.14698095551303
60,0.29166666666666663,0.5416666666666666,83.83551626343969,75.86975671809701
60,0.29166666666666663,0.5833333333333333,91.65414625029848,77.22861727589354
60,0.29166666666666663,0.625,92.83749254015565,72.52690567341952
60,0.29166666666666663,0.6666666666666666,94.0005358956733,75.38669999905338
60,0.29166666666666663,0.7083333333333333,95.83479946895281,76.14227913728804
60,0.29166666666666663,0.75,76.73613543326333,75.3288367265446
60,0.29166666666666663,0.7916666666666666,54.40077655526309,73.32641444353024
60,0.29166666666666663,0.8333333333333333,33.900742897543395,76.53607652814736
60,0.29166666666666663,0.875,27.101846978613565,74.60232843940005
60,0.29166666666666663,0.9166666666666666,12.014814477317714,73.37114465917638
60,0.29166666666666663,0.9583333333333333,2.860876482597537,74.63049023649661
60,0.29166666666666663,1.0,2.7082410579002554,76.27800848945559
60,0.3333333333333333,0.0,4.790429001192175,78.73713905725778
60,0.3333333333333333,0.041666666666666664,1.688087892133053,74.80331264035487
60,0.3333333333333333,0.08333333333333333,10.232328643395872,78.35087095920132
60,0.3333333333333333,0.125,30.452157912424916,78.86557290061623
60,0.3333333333333333,0.16666666666666666,51.86082826956653,80.07843015592196
60,0.3333333333333333,0.20833333333333331,69.51902538324438,76.8929096696509
60,0.3333333333333333,0.25,94.36391675256378,81.58038248676453
60,0.3333333333333333,0.29166666666666663,102.8697441421846,75.0181613971713
60,0.3333333333333333,0.3333333333333333,97.03472095300494,75.40937829438874
60,0.3333333333333333,0.375,91.18039739109342,74.04334526537473
60,0.3333333333333333,0.41666666666666663,85.78692564521401,78.26665649814838
60,0.3333333333333333,0.4583333333333333,72.24164862877916,79.88619040901335
60,0.3333333333333333,0.5,71.2153642975533,77.85623521624058
60,0.3333333333333333,0.5416666666666666,74.97773339140532,76.62048277479495
60,0.3333333333333333,0.5833333333333333,76.68862176081848,78.14551213425858
60,0.3333333333333333,0.625,91.2474999885143,73.44448132161517
60,0.3333333333333333,0.6666666666666666,96.56148759423832,76.46519017333475
60,0.3333333333333333,0.7083333333333333,101.00169605063037,77.58174574146102
60,0.3333333333333333,0.75,91.37775960430638,78.31186295116686
60,0.3333333333333333,0.7916666666666666,68.24522812154957,74.35781834378939
60,0.3333333333333333,0.8333333333333333,51.20282406151951,75.7108129790137
60,0.3333333333333333,0.875,29.84621568625235,78.88817679684118
60,0.3333333333333333,0.9166666666666666,10.89946737256427,75.40893048842356
60,0.3333333333333333,0.9583333333333333,6.501656805241961,76.74335104925675
60,0.3333333333333333,1.0,3.835121742434157,79.25513502220784
60,0.375,0.0,0.0,78.06627241689822
60,0.375,0.041666666666666664,17.99031429717973,78.87917091392626
60,0.375,0.08333333333333333,23.73282374322411,79.91809171570428
60,0.375,0.125,29.43201086962803,78.35089593263866
60,0.375,0.16666666666666666,59.43763929892327,77.73467938476429
60,0.375,0.20833333333333331,82.74685579521378,80.46589385488774
60,0.375,0.25,92.8736960904218,78.73357825118056
60,0.375,0.29166666666666663,97.09422742843068,79.88908929023803
60,0.375,0.3333333333333333,100.78888519454627,80.73097062531444
60,0.375,0.375,78.32356475138857,80.81260562127405
60,0.375,0.41666666666666663,57.152817425935034,77.13049646364624
60,0.375,0.4583333333333333,56.49710673594838,78.40596664087919
60,0.375,0.5,45.89099431641941,81.6751038183902
60,0.375,0.5416666666666666,46.33456875547657,80.31611407852351
60,0.375,0.5833333333333333,61.617924726278865,78.24227176499761
60,0.375,0.625,77.32654532319417,75.42559803602406
60,0.375,0.6666666666666666,88.424113716512,83.27692175456073
60,0.375,0.7083333333333333,95.21304203276766,79.56744246891839
60,0.375,0.75,96.48373607735519,82.29777291245358
60,0.375,0.7916666666666666,78.34326511295909,80.55828941283242
60,0.375,0.8333333333333333,60.001850660322496,79.58855308660581
60,0.375,0.875,33.02165516450061,84.53707369703906
60,0.375,0.9166666666666666,18.93346275236735,80.22940735959845
60,0.375,0.9583333333333333,12.733966560709764,76.14875186970892
60,0.375,1.0,3.6220192131812787,82.3580941179081
60,0.41666666666666663,0.0,7.357899180865131,77.67517674664686
60,0.41666666666666663,0.041666666666666664,12.911391648936362,83.67870308898263
60,0.41666666666666663,0.08333333333333333,15.771869776647712,80.74359269602644
60,0.41666666666666663,0.125,36.216489318275855,80.98846040975715
60,0.41666666666666663,0.16666666666666666,70.40247800147256,81.03018354645955
60,0.41666666666666663,0.20833333333333331,86.03318911595377,81.38584392116739
60,0.41666666666666663,0.25,96.3865394555083,81.20063079210838
60,0.41666666666666663,0.29166666666666663,91.47030272431832,78.57653357924971
60,0.41666666666666663,0.3333333333333333,86.39734425396273,84.27303392500355
60,0.41666666666666663,0.375,71.97746784304321,80.12781273194348
60,0.41666666666666663,0.41666666666666663,43.37596315075576,80.32593158316799
60,0.41666666666666663,0.4583333333333333,34.744858567284936,79.99976058714321
60,0.41666666666666663,0.5,16.038776739693272,81.3014427327429
60,0.41666666666666663,0.5416666666666666,23.085784838197856,82.63416980947616
60,0.41666666666666663,0.5833333333333333,45.133455757991385,80.27273235213592
60,0.41666666666666663,0.625,62.48783108855207,82.23773051318766
60,0.41666666666666663,0.6666666666666666,78.22241025481239,81.42730711697146
60,0.41666666666666663,0.7083333333333333,102.72418455817936,82.27924922170536
60,0.41666666666666663,0.75,91.62353965801817,78.15178557717249
60,0.41666666666666663,0.7916666666666666,84.27526283262144,79.67668933600726
60,0.41666666666666663,0.8333333333333333,72.35937283057916,79.6181814562763
60,0.41666666666666663,0.875,40.77085827545222,80.26240124152166
60,0.41666666666666663,0.9166666666666666,17.04238908221891,78.84169215593575
60,0.41666666666666663,0.9583333333333333,7.480799077780107,78.18958113122287
60,0.41666666666666663,1.0,0.0,77.85182470602213
60,0.4583333333333333,0.0,1.70031638506434,82.8130534013722
60,0.4583333333333333,0.041666666666666664,13.089349957015308,82.15697851478701
60,0.4583333333333333,0.08333333333333333,24.419799084331416,82.64021772260693
60,0.4583333333333333,0.125,47.65179654356452,86.08260180292419
60,0.4583333333333333,0.16666666666666666,63.38715678379147,82.04818451702614
60,0.4583333333333333,0.20833333333333331,87.82007053655953,79.98937446725962
60,0.4583333333333333,0.25,105.0,82.27959767199735
60,0.4583333333333333,0.29166666666666663,95.36205812557903,84.5715400331972
60,0.4583333333333333,0.3333333333333333,76.41917758418307,79.18122264961706
60,0.4583333333333333,0.375,51.9852195241865,83.67841549746973
60,0.4583333333333333,0.41666666666666663,35.043076203564056,82.49042666355606
60,0.4583333333333333,0.4583333333333333,15.548719665853673,83.56982319164928
60,0.4583333333333333,0.5,17.665937006599776,83.20764291863131
60,0.4583333333333333,0.5416666666666666,13.86854834003481,80.23878652343964
60,0.4583333333333333,0.5833333333333333,35.12478249520278,82.58326534542088
60,0.4583333333333333,0.625,49.260899572624304,81.25479381409373
60,0.4583333333333333,0.6666666666666666,71.07942469266452,85.3370792757812
60,0.4583333333333333,0.7083333333333333,101.23281307093373,83.0830453054816
60,0.4583333333333333,0.75,97.02772026628804,81.49408648544319
60,0.4583333333333333,0.7916666666666666,88.97550130844063,80.69633203273477
60,0.4583333333333333,0.8333333333333333,68.19285998046618,78.02889369751446
60,0.4583333333333333,0.875,46.06915242851324,78.53370638594582
60,0.4583333333333333,0.9166666666666666,22.256358510987667,84.44655596793976
60,0.4583333333333333,0.9583333333333333,15.160065241710413,83.58829993190419
60,0.4583333333333333,1.0,3.8324355890234565,84.67901506884424
60,0.5,0.0,7.115173743159704,83.01413527566848
60,0.5,0.041666666666666664,4.430838714007996,83.91881963897485
60,0.5,0.08333333333333333,14.31239813642316,83.7985970101147
60,0.5,0.125,51.822937829951975,79.52218893342412
60,0.5,0.16666666666666666,74.00543930306075,82.96565288616735
60,0.5,0.20833333333333331,92.12567881971854,83.7398631618396
60,0.5,0.25,94.24256702470599,81.40583904867168
60,0.5,0.29166666666666663,92.5803927684802,82.94512890508699
60,0.5,0.3333333333333333,64.17125961668465,83.78356986644928
60,0.5,0.375,50.47236512609447,83.62898673512092
60,0.5,0.41666666666666663,22.567802673131773,81.90074324249926
60,0.5,0.4583333333333333,9.87416498885719,80.77178271984019
60,0.5,0.5,0.0,83.5860425689783
60,0.5,0.5416666666666666,12.467257127211997,81.70769812065265
60,0.5,0.5833333333333333,29.596595754978697,80.38638105532388
60,0.5,0.625,43.494671629451176,82.45104904657917
60,0.5,0.6666666666666666,79.08323988375854,80.71992693228864
60,0.5,0.7083333333333333,94.91554443920674,84.59496743738111
60,0.5,0.75,99.58842155511141,81.01102553116078
60,0.5,0.7916666666666666,90.00728387599315,83.43532605946625
60,0.5,0.8333333333333333,59.940471355241435,85.73836754706316
60,0.5,0.875,46.19952174560484,84.50679655273106
60,0.5,0.9166666666666666,21.70736486414171,85.03942848209924
60,0.5,0.9583333333333333,7.492169138597507,80.09284546000042
60,0.5,1.0,4.411921869720385,86.3132541835293
60,0.5416666666666666,0.0,8.573471143290597,82.83017250745314
60,0.5416666666666666,0.041666666666666664,5.797738441892969,83.93095649535721
60,0.5416666666666666,0.08333333333333333,24.05998649209294,78.65052507094794
60,0.5416666666666666,0.125,37.61932437388591,82.48035724538408
60,0.5416666666666666,0.16666666666666666,68.76787984182371,82.32712196672429
60,0.5416666666666666,0.20833333333333331,89.738274951267,82.24500889951904
60,0.5416666666666666,0.25,94.31386499769856,82.16638308587294
60,0.5416666666666666,0.29166666666666663,94.76036682610138,84.31929416292895
60,0.5416666666666666,0.3333333333333333,75.53203302127761,82.55541114798544
60,0.5416666666666666,0.375,49.275634076370324,82.90366032646494
60,0.5416666666666666,0.41666666666666663,26.054382041727845,81.94629785954685
60,0.5416666666666666,0.4583333333333333,14.627818649783677,81.26766349497228
60,0.5416666666666666,0.5,13.853422334653894,80.58371401180393
60,0.5416666666666666,0.5416666666666666,19.61133754409455,81.04131405048363
60,0.5416666666666666,0.5833333333333333,24.363157806676888,82.61849439688571
60,0.5416666666666666,0.625,54.90545242783306,84.88744890454667
60,0.5416666666666666,0.6666666666666666,69.54299062056461,81.12872458731269
60,0.5416666666666666,0.7083333333333333,90.01625708679418,82.39736177513299
60,0.5416666666666666,0.75,105.0,79.53894610144346
60,0.5416666666666666,0.7916666666666666,87.87444026144374,85.68848791156574
60,0.5416666666666666,0.8333333333333333,60.43552863006697,86.66566708607687
60,0.5416666666666666,0.875,40.200258163891725,80.45747390405025
60,0.5416666666666666,0.9166666666666666,27.964726389888394,83.10721153021645
60,0.5416666666666666,0.9583333333333333,8.639921461667447,76.43573674111616
60,0.5416666666666666,1.0,3.0837142527039343,80.95137848847426
60,0.5833333333333333,0.0,0.0,80.01877527444422
60,0.5833333333333333,0.041666666666666664,2.207324539928077,79.03256912958216
60,0.5833333333333333,0.08333333333333333,17.657765840375127,79.14466909171635
60,0.5833333333333333,0.125,39.72406705759666,80.94021745283379
60,0.5833333333333333,0.16666666666666666,59.25101229420659,81.20996731727088
60,0.5833333333333333,0.20833333333333331,83.75390279151453,77.7609758176188
60,0.5833333333333333,0.25,98.77685683436621,83.02700963634855
60,0.5833333333333333,0.29166666666666663,94.08983516316084,81.4333690689521
60,0.5833333333333333,0.3333333333333333,77.86208472503986,78.40408752928863
60,0.5833333333333333,0.375,59.58223094844573,75.98151775518825
60,0.5833333333333333,0.41666666666666663,41.369432916521056,80.61949861539651
60,0.5833333333333333,0.4583333333333333,29.76044016600344,82.50875555641096
60,0.5833333333333333,0.5,24.59351239723488,86.02095417449547
60,0.5833333333333333,0.5416666666666666,23.709284151511184,83.15677567092148
60,0.5833333333333333,0.5833333333333333,37.366428259584524,80.09418029512342
60,0.5833333333333333,0.625,63.27745866870876,83.16510157337889
60,0.5833333333333333,0.6666666666666666,80.61488407940729,82.62076403803881
60,0.5833333333333333,0.7083333333333333,88.6063707531827,82.01219891169438
60,0.5833333333333333,0.75,92.22483440876174,79.88542234256401
60,0.5833333333333333,0.7916666666666666,85.53791641990797,80.07840552208475
60,0.5833333333333333,0.8333333333333333,67.15404989863747,82.67561867698905
60,0.5833333333333333,0.875,45.8797784514993,83.05368172762687
60,0.5833333333333333,0.9166666666666666,22.3010600259347,77.44202968149192
60,0.5833333333333333,0.9583333333333333,10.84742299058459,80.38669725010166
60,0.5833333333333333,1.0,0.0,85.72985537441697
60,0.625,0.0,3.5511561889198076,76.56893601372694
60,0.625,0.041666666666666664,0.9355194708879875,77.29965205573329
60,0.625,0.08333333333333333,15.467303312886116,79.25828702170959
60,0.625,0.125,29.654485427199653,79.26037544954515
60,0.625,0.16666666666666666,56.873868019420456,83.30826170049191
60,0.625,0.20833333333333331,78.79748149638824,77.79247101610167
60,0.625,0.25,97.06155609735418,80.1422916672396
60,0.625,0.29166666666666663,98.72436788177943,79.73177189435474
60,0.625,0.3333333333333333,92.35746519736105,80.13303140018762
60,0.625,0.375,88.22086563021732,78.19009366831092
60,0.625,0.41666666666666663,61.30048735865884,76.29606612511363
60,0.625,0.4583333333333333,50.68814108988587,82.80901941264803
60,0.625,0.5,54.231973869553215,80.54864227057084
60,0.625,0.5416666666666666,48.145848669282806,79.50903526940738
60,0.625,0.5833333333333333,63.422630578321474,81.93053563146695
60,0.625,0.625,76.51139425912207,78.53309034211627
60,0.625,0.6666666666666666,90.84486601271679,74.55249284137109
60,0.625,0.7083333333333333,93.4956371621488,81.10224052971158
60,0.625,0.75,101.2491531405132,82.11678739635231
60,0.625,0.7916666666666666,82.94768429183728,77.93774247168936
60,0.625,0.8333333333333333,53.53261447416197,78.30243523711016
60,0.625,0.875,32.445944353475134,78.42352827690179
60,0.625,0.9166666666666666,17.726336731268603,78.04859375527076
60,0.625,0.9583333333333333,9.146456812028358,77.9241382503816
60,0.625,1.0,4.9752255983412415,76.22486080463085
60,0.6666666666666666,0.0,9.805873242674672,77.155523996694
60,0.6666666666666666,0.041666666666666664,10.33107460756974,78.0740543259455
60,0.6666666666666666,0.08333333333333333,17.50903690313476,77.98204900386774
60,0.6666666666666666,0.125,27.469525648492297,78.68760649576333
60,0.6666666666666666,0.16666666666666666,53.51989152934675,77.64593991877994
60,0.6666666666666666,0.20833333333333331,70.3678871692093,74.82767638821196
60,0.6666666666666666,0.25,90.55958614470349,79.96614745509103
60,0.6666666666666666,0.29166666666666663,99.79986124660552,80.08855596337945
60,0.6666666666666666,0.3333333333333333,103.47784839146027,77.79278243121465
60,0.6666666666666666,0.375,90.79822048540474,76.52934462563732
60,0.6666666666666666,0.41666666666666663,78.99338990121286,77.05243078384227
60,0.6666666666666666,0.4583333333333333,75.83439006706571,76.715390817202
60,0.6666666666666666,0.5,78.87843219100024,77.4476441710313
60,0.6666666666666666,0.5416666666666666,75.67953926708327,77.03323809532853
60,0.6666666666666666,0.5833333333333333,77.73147585732306,78.33800761022076
60,0.6666666666666666,0.625,92.46658192571239,78.21555907026432
60,0.6666666666666666,0.6666666666666666,104.57566706102601,75.4402114220494
60,0.6666666666666666,0.7083333333333333,100.83280124822544,81.13216275444408
60,0.6666666666666666,0.75,93.2411536852357,79.02148536068816
60,0.6666666666666666,0.7916666666666666,74.12250523455506,76.45187816910985
60,0.6666666666666666,0.8333333333333333,43.39149788212672,79.84107098566572
60,0.6666666666666666,0.875,27.833268444736603,77.97226661804972
60,0.6666666666666666,0.9166666666666666,11.643011040716358,78.27018263585714
60,0.6666666666666666,0.9583333333333333,0.0,74.69588312978678
60,0.6666666666666666,1.0,0.018435849797043158,73.1429730933177
60,0.7083333333333333,0.0,1.217301506457245,72.8439648699889
60,0.7083333333333333,0.041666666666666664,1.3535153284846753,74.64412430510755
60,0.7083333333333333,0.08333333333333333,12.040382787407973,73.492000149582
60,0.7083333333333333,0.125,19.027497111337276,77.13677954751353
60,0.7083333333333333,0.16666666666666666,29.877356292926002,73.12025933391237
60,0.7083333333333333,0.20833333333333331,62.49576286844453,73.15938417882677
60,0.7083333333333333,0.25,74.56623390653618,72.41126887665824
60,0.7083333333333333,0.29166666666666663,90.96974193788654,73.9597099578995
60,0.7083333333333333,0.3333333333333333,101.62307630235917,72.13763065258985
60,0.7083333333333333,0.375,105.0,74.73518604046312
60,0.7083333333333333,0.41666666666666663,97.56928178708513,77.84398598648647
60,0.7083333333333333,0.4583333333333333,94.56642924305478,80.09216161608474
60,0.7083333333333333,0.5,87.96318318815267,74.46696488187634
60,0.7083333333333333,0.5416666666666666,94.71115633739956,77.47615635988187
60,0.7083333333333333,0.5833333333333333,93.75502661435587,75.85482972256447
60,0.7083333333333333,0.625,103.69513456444939,77.39370443809571
60,0.7083333333333333,0.6666666666666666,100.25064997875877,75.1078008913351
60,0.7083333333333333,0.7083333333333333,92.7928479271638,74.10322742142122
60,0.7083333333333333,0.75,83.98067412530898,72.84276030831604
60,0.7083333333333333,0.7916666666666666,57.44720485026495,75.70335110609528
60,0.7083333333333333,0.8333333333333333,33.161620487316796,69.74015253253604
60,0.7083333333333333,0.875,19.639272262286493,75.39769296868978
60,0.7083333333333333,0.9166666666666666,7.4078587224546375,76.31488509327336
60,0.7083333333333333,0.9583333333333333,3.076526630262993,72.91652113887798
60,0.7083333333333333,1.0,2.319557644677321,77.62385495820139
60,0.75,0.0,3.043842531112398,70.04627824802768
60,0.75,0.041666666666666664,5.597699452539409,72.15841195808832
60,0.75,0.08333333333333333,8.87338594660373,71.13792836815225
60,0.75,0.125,12.457270906000302,71.45354943364752
60,0.75,0.16666666666666666,26.271800123964827,71.75447699327168
60,0.75,0.20833333333333331,40.768634646514535,70.17214576957448
60,0.75,0.25,62.59937912191409,73.02110591553962
60,0.75,0.29166666666666663,80.6014248788444,70.97115244235863
60,0.75,0.3333333333333333,93.95964414463589,70.25192691882218
60,0.75,0.375,98.26932604542462,68.71004143333619
60,0.75,0.41666666666666663,98.20678588059198,70.47444784018667
60,0.75,0.4583333333333333,96.55645573127156,71.47654133530261
60,0.75,0.5,101.03224519024089,70.63313279997801
60,0.75,0.5416666666666666,100.72353965858527,72.25093914012338
60,0.75,0.5833333333333333,96.22869172730637,70.4803876644222
60,0.75,0.625,98.99460973692244,72.95456881307464
60,0.75,0.6666666666666666,88.07959437888387,72.19127338992782
60,0.75,0.7083333333333333,74.97461401223282,69.95948134665741
60,0.75,0.75,50.839956605319124,72.18150858015886
60,0.75,0.7916666666666666,46.34919063187658,73.51059644252335
60,0.75,0.8333333333333333,31.629981088076775,71.99786042394096
60,0.75,0.875,12.747198906755623,68.21690946161924
60,0.75,0.9166666666666666,2.2536768503861513,74.21708832721247
60,0.75,0.9583333333333333,4.581051054957177,72.21703140561016
60,0.75,1.0,0.0,71.3793372421794
60,0.7916666666666666,0.0,1.282903015086127,66.2487548016206
60,0.7916666666666666,0.041666666666666664,3.849516894431095,71.49699968778293
60,0.7916666666666666,0.08333333333333333,5.980375790051303,68.13988967819371
60,0.7916666666666666,0.125,15.834748424896404,72.36124899053273
60,0.7916666666666666,0.16666666666666666,0.3057002597358647,66.74357329167907
60,0.7916666666666666,0.20833333333333331,26.37218229329444,72.3202396974013
60,0.7916666666666666,0.25,43.37904898163961,70.3248126808379
60,0.7916666666666666,0.29166666666666663,55.835451868753225,65.40297937962055
60,0.7916666666666666,0.3333333333333333,74.6297621474524,70.12247898551554
60,0.7916666666666666,0.375,79.29333518914846,70.5514178803285
60,0.7916666666666666,0.41666666666666663,88.76487280931566,65.22609742990326
60,0.7916666666666666,0.4583333333333333,90.85529925741174,68.953029311522
60,0.7916666666666666,0.5,87.14317586840616,67.65199509085258
60,0.7916666666666666,0.5416666666666666,88.41188191910895,69.02235601438313
60,0.7916666666666666,0.5833333333333333,86.80087406065218,68.92242297622965
60,0.7916666666666666,0.625,79.37426915700955,67.89746785955684
60,0.7916666666666666,0.6666666666666666,64.06461397725174,70.64817049295594
60,0.7916666666666666,0.7083333333333333,50.883704847580745,70.44263756211687
60,0.7916666666666666,0.75,41.98923586877813,62.87029216252532
60,0.7916666666666666,0.7916666666666666,27.442756676618373,68.78383052863039
60,0.7916666666666666,0.8333333333333333,18.67616023672393,67.63518385432747
60,0.7916666666666666,0.875,8.856351909608618,68.17994840915328
60,0.7916666666666666,0.9166666666666666,7.814667334625554,71.37553127224592
60,0.7916666666666666,0.9583333333333333,5.271935960672634,69.76284430386593
60,0.7916666666666666,1.0,1.6165396739805649,66.93379973823045
60,0.8333333333333333,0.0,4.899357089185816,66.61949339936272
60,0.8333333333333333,0.041666666666666664,1.0978853462410867,66.85014347911573
60,0.8333333333333333,0.08333333333333333,0.0,68.54740579107182
60,0.8333333333333333,0.125,6.665903928078387,68.40398075503101
60,0.8333333333333333,0.16666666666666666,2.3573061343441983,65.21800920847815
60,0.8333333333333333,0.20833333333333331,14.072006328721265,67.53685661392345
60,0.8333333333333333,0.25,23.095121773715682,66.8037104525984
60,0.8333333333333333,0.29166666666666663,43.365084024625055,64.13547003757398
60,0.8333333333333333,0.3333333333333333,47.74276564098642,69.91025970689657
60,0.8333333333333333,0.375,56.00471143159728,65.78701197131265
60,0.8333333333333333,0.41666666666666663,60.550755075017754,63.89073328675063
60,0.8333333333333333,0.4583333333333333,77.70589826477942,66.98970038048418
60,0.8333333333333333,0.5,67.46080806360953,64.66763589592536
60,0.8333333333333333,0.5416666666666666,66.45910769354079,64.50038830396608
60,0.8333333333333333,0.5833333333333333,59.1202856889024,62.99400373171739
60,0.8333333333333333,0.625,61.113198933199044,67.61141160445716
60,0.8333333333333333,0.6666666666666666,42.61417367960074,68.23137664961318
60,0.8333333333333333,0.7083333333333333,41.260724657968055,65.08535350372237
60,0.8333333333333333,0.75,25.726042035239335,63.53571503763906
60,0.8333333333333333,0.7916666666666666,17.205838795267198,65.40569841272381
60,0.8333333333333333,0.8333333333333333,8.869016944980585,68.36761336270123
60,0.8333333333333333,0.875,5.792011147847443,64.5825922891832
60,0.8333333333333333,0.9166666666666666,2.0741443173360157,67.82873019354264
60,0.8333333333333333,0.9583333333333333,0.0,64.70468623326829
60,0.8333333333333333,1.0,0.0,66.07352685960865
60,0.875,0.0,6.008082752603867,62.53066636751115
60,0.875,0.041666666666666664,0.7486045195285387,62.602664268604904
60,0.875,0.08333333333333333,4.8078161441510066,62.62313804220821
60,0.875,0.125,1.3950082351017572,61.763758916225136
60,0.875,0.16666666666666666,0.0,65.09950994272617
60,0.875,0.20833333333333331,6.241323080456019,61.675365913301384
60,0.875,0.25,15.85553869141626,63.88932455857047
60,0.875,0.29166666666666663,22.411016577562588,63.03210005876074
60,0.875,0.3333333333333333,25.42522960506293,65.46258269292944
60,0.875,0.375,36.2664115923552,61.925867381032084
60,0.875,0.41666666666666663,41.69412713119766,63.1510743047704
60,0.875,0.4583333333333333,50.23871061896768,65.62504925831233
60,0.875,0.5,44.52957713741705,57.500772063033416
60,0.875,0.5416666666666666,44.70831084925696,60.16114525859225
60,0.875,0.5833333333333333,40.392605841134184,65.26995919808112
60,0.875,0.625,38.697451184562944,58.862477470480236
60,0.875,0.6666666666666666,22.863304110497136,61.48199223623751
60,0.875,0.7083333333333333,16.895628345190698,60.397523946210406
60,0.875,0.75,9.660713759101398,58.04796982821505
60,0.875,0.7916666666666666,14.852284267541751,61.23491413187307
60,0.875,0.8333333333333333,4.328055748983361,61.73344586225467
60,0.875,0.875,6.745439571038595,66.41256280694735
60,0.875,0.9166666666666666,1.916053226434252,62.261466324314995
60,0.875,0.9583333333333333,1.2425137415411398,57.59650957138899
60,0.875,1.0,0.0,58.71998220951211
60,0.9166666666666666,0.0,8.010611225025425,60.66135965514215
60,0.9166666666666666,0.041666666666666664,5.375022400178437,61.54293592393891
60,0.9166666666666666,0.08333333333333333,4.15179538696907,56.05607266654564
60,0.9166666666666666,0.125,1.860005933134186,60.46286648114059
60,0.9166666666666666,0.16666666666666666,2.0484478729109705,61.33503950345865
60,0.9166666666666666,0.20833333333333331,9.504525997832609,59.38430923588253
60,0.9166666666666666,0.25,3.8346239539133604,61.641276737930234
60,0.9166666666666666,0.29166666666666663,6.032904829284698,57.83569772572476
60,0.9166666666666666,0.3333333333333333,18.50432167517272,58.96739661415154
60,0.9166666666666666,0.375,17.884360807380144,60.66722884712194
60,0.9166666666666666,0.41666666666666663,24.13935117024487,66.98959178554298
60,0.9166666666666666,0.4583333333333333,24.044963932735307,60.85573686031027
60,0.9166666666666666,0.5,17.103670180502277,59.95621846344129
60,0.9166666666666666,0.5416666666666666,23.12056480492498,61.73081766019506
60,0.9166666666666666,0.5833333333333333,14.142628941854145,63.75168401021362
60,0.9166666666666666,0.625,12.978154179821153,61.94883082634071
60,0.9166666666666666,0.6666666666666666,11.73682292277995,58.59577993215165
60,0.9166666666666666,0.7083333333333333,12.953192499360295,57.03385046117191
60,0.9166666666666666,0.75,5.262460274466595,56.80212334002135
60,0.9166666666666666,0.7916666666666666,0.0,59.65878256910471
60,0.9166666666666666,0.8333333333333333,5.903393849792142,57.90263212307644
60,0.9166666666666666,0.875,0.0,59.063516900082156
60,0.9166666666666666,0.9166666666666666,0.0,57.67664907117109
60,0.9166666666666666,0.9583333333333333,5.624610305311698,59.726750710365636
60,0.9166666666666666,1.0,0.0,60.556431556972825
60,0.9583333333333333,0.0,3.888997985991692,55.64024679549111
60,0.9583333333333333,0.041666666666666664,1.3810195732977315,61.34429570023282
60,0.9583333333333333,0.08333333333333333,1.784660024816903,55.069150289599925
60,0.9583333333333333,0.125,0.0,58.02273553041451
60,0.9583333333333333,0.16666666666666666,8.681426177248861,57.35592305313629
60,0.9583333333333333,0.20833333333333331,8.902895700307468,53.24650828037811
60,0.9583333333333333,0.25,4.680522204524933,57.259728515602546
60,0.9583333333333333,0.29166666666666663,7.766695618396772,59.341205512634865
60,0.9583333333333333,0.3333333333333333,2.8665454590010446,54.476584046966614
60,0.9583333333333333,0.375,8.884769816651415,56.47101880175131
60,0.9583333333333333,0.41666666666666663,2.0009775439903947,54.30650729917985
60,0.9583333333333333,0.4583333333333333,15.98211996667531,57.33845254339925
60,0.9583333333333333,0.5,9.617063443537898,56.33796835730364
60,0.9583333333333333,0.5416666666666666,13.96691061579443,58.20436826771932
60,0.9583333333333333,0.5833333333333333,5.232538378940034,56.21223531261481
60,0.9583333333333333,0.625,19.00570543936288,56.41550519368393
60,0.9583333333333333,0.6666666666666666,5.738463242688593,51.45760570347298
60,0.9583333333333333,0.7083333333333333,3.06012574757492,51.47612091786763
60,0.9583333333333333,0.75,2.7790236907582013,55.15350355718908
60,0.9583333333333333,0.7916666666666666,0.6082844156935573,55.04872049571889
60,0.9583333333333333,0.8333333333333333,2.5365399628094454,57.689828427651605
60,0.9583333333333333,0.875,7.077758727865371,53.26688360212111
60,0.9583333333333333,0.9166666666666666,0.5647848292405739,58.93671759514745
60,0.9583333333333333,0.9583333333333333,3.1900224512267803,59.5198661667502
60,0.9583333333333333,1.0,0.0,57.646212309273785
60,1.0,0.0,0.0,53.491904461686744
60,1.0,0.041666666666666664,0.0,57.79592152746455
60,1.0,0.08333333333333333,1.992189062039381,52.25209386874964
60,1.0,0.125,2.087164195667268,53.39807594013997
60,1.0,0.16666666666666666,6.8974074998614245,53.296228352612694
60,1.0,0.20833333333333331,4.65863110158864,55.16830356754277
60,1.0,0.25,1.2659785251295816,52.630491241958644
60,1.0,0.29166666666666663,0.0,55.11656201911886
60,1.0,0.3333333333333333,1.3062353625072716,55.830179238167446
60,1.0,0.375,6.771312764023801,54.14194139517439
60,1.0,0.41666666666666663,5.7417525874710265,54.76968337062601
60,1.0,0.4583333333333333,1.597677316181524,51.18449698064159
60,1.0,0.5,4.968816341561082,53.51988444071635
60,1.0,0.5416666666666666,3.789894477087672,50.06310385315414
60,1.0,0.5833333333333333,5.737689574129057,53.99141586624383
60,1.0,0.625,1.7161937708175274,55.47697714197638
60,1.0,0.6666666666666666,0.0,55.121712383468825
60,1.0,0.7083333333333333,11.5441486867605,55.62552096032838
60,1.0,0.75,8.083423278203409,51.955190249951045
60,1.0,0.7916666666666666,1.1680641722468597,58.26254014970811
60,1.0,0.8333333333333333,0.0,52.47334476907797
60,1.0,0.875,8.340724641760493,57.25747234310346
60,1.0,0.9166666666666666,0.0,55.61841178024613
60,1.0,0.9583333333333333,0.0,55.33339433808477
60,1.0,1.0,5.90194773826305,55.184074268051
90,0.0,0.0,5.149125479472847,59.68783066916678
90,0.0,0.041666666666666664,8.929680912900741,61.17986701675337
90,0.0,0.08333333333333333,3.0448624487143263,58.70445698299953
90,0.0,0.125,3.0985704277502686,59.462680867507395
90,0.0,0.16666666666666666,9.817497255135173,58.464511562905976
90,0.0,0.20833333333333331,16.095978302728106,62.83417116088841
90,0.0,0.25,8.728183598868878,60.86585373901958
90,0.0,0.29166666666666663,26.57953626775136,58.82922180886479
90,0.0,0.3333333333333333,30.752321202395276,60.91722025565744
90,0.0,0.375,41.769242124480186,60.29448587154238
90,0.0,0.41666666666666663,46.37894416278425,61.192444272884536
90,0.0,0.4583333333333333,42.774441028754225,58.674784172070034
90,0.0,0.5,39.782133951176874,61.38182790996452
90,0.0,0.5416666666666666,48.07301609649529,60.86517731617089
90,0.0,0.5833333333333333,36.85307229621277,62.750579209913326
90,0.0,0.625,37.38336071520857,61.068263231968395
90,0.0,0.6666666666666666,31.592429369812347,61.50191214071584
90,0.0,0.7083333333333333,30.026549983233693,58.375089674557955
90,0.0,0.75,17.590988225799286,61.36616844222886
90,0.0,0.7916666666666666,10.447194696384003,60.86011258289352
90,0.0,0.8333333333333333,9.029034875970407,60.33164293430659
90,0.0,0.875,5.495565747428488,59.22837953096811
90,0.0,0.9166666666666666,7.367925126947874,64.25298978265334
90,0.0,0.9583333333333333,1.6198848585240415,59.9559265811507
90,0.0,1.0,0.0,62.232464184891576
90,0.041666666666666664,0.0,0.0,61.35099673445917
90,0.041666666666666664,0.041666666666666664,5.649667693700866,61.49909210010333
90,0.041666666666666664,0.08333333333333333,11.502736464060535,62.68644764370441
90,0.041666666666666664,0.125,3.533182261228265,61.36328049178578
90,0.041666666666666664,0.16666666666666666,20.5593446429704,67.3225140691452
90,0.041666666666666664,0.20833333333333331,27.11744868264818,62.06231498020361
90,0.041666666666666664,0.25,36.3547646022648,57.98205753223871
90,0.041666666666666664,0.29166666666666663,47.52117626815367,61.140646005289916
90,0.041666666666666664,0.3333333333333333,49.38472272795334,62.273144154654304
90,0.041666666666666664,0.375,61.877259945030694,63.36164976307982
90,0.041666666666666664,0.41666666666666663,62.707443539405084,66.11401080950657
90,0.041666666666666664,0.4583333333333333,67.72004977021237,62.45436283483436
90,0.041666666666666664,0.5,69.30515439940139,59.71222697094749
90,0.041666666666666664,0.5416666666666666,66.4904441327074,62.42021698639765
90,0.041666666666666664,0.5833333333333333,72.9841923337999,62.19126527598823
90,0.041666666666666664,0.625,46.781758577638655,65.32178244470785
90,0.041666666666666664,0.6666666666666666,60.24014418355164,62.8182241500395
90,0.041666666666666664,0.7083333333333333,38.783373211498045,65.12960995036258
90,0.041666666666666664,0.75,29.59868295436629,63.2686846022281
90,0.041666666666666664,0.7916666666666666,23.933681806239377,64.28483007270981
90,0.041666666666666664,0.8333333333333333,20.185539048547678,66.92576327019589
90,0.041666666666666664,0.875,13.165002323488888,61.22013482278694
90,0.041666666666666664,0.9166666666666666,4.489258354739366,61.12661099919886
90,0.041666666666666664,0.9583333333333333,5.313059979812225,63.68629249564284
90,0.041666666666666664,1.0,0.713800366171567,59.74791510165464
90,0.08333333333333333,0.0,8.227796330149744,67.32056617423989
90,0.08333333333333333,0.041666666666666664,7.815985868200251,65.74015217779777
90,0.08333333333333333,0.08333333333333333,16.263144868951485,65.1711969192827
90,0.08333333333333333,0.125,22.19474534730301,66.92610625474289
90,0.08333333333333333,0.16666666666666666,27.450078891633137,67.29933159926888
90,0.08333333333333333,0.20833333333333331,37.696129683135524,67.05712159403521
90,0.08333333333333333,0.25,54.32938356380863,67.59810621579376
90,0.08333333333333333,0.29166666666666663,70.05168060873828,66.37869588660847
90,0.08333333333333333,0.3333333333333333,81.65581653716947,64.13881805606368
90,0.08333333333333333,0.375,82.30222572338096,68.13768547861523
90,0.08333333333333333,0.41666666666666663,80.49189803937888,66.26198320817082
90,0.08333333333333333,0.4583333333333333,89.55673938521785,66.20761346463092
90,0.08333333333333333,0.5,88.12336043409503,68.1465626498727
90,0.08333333333333333,0.5416666666666666,89.25378726316785,69.03259546789948
90,0.08333333333333333,0.5833333333333333,89.12907002261356,66.13239664469643
90,0.08333333333333333,0.625,75.22049528072661,68.20271212139824
90,0.08333333333333333,0.6666666666666666,74.75609558181694,64.07342715064303
90,0.08333333333333333,0.7083333333333333,58.07837837757203,62.14522487996823
90,0.08333333333333333,0.75,58.366953301591565,67.51249707839732
90,0.08333333333333333,0.7916666666666666,40.78743907009814,68.05137365081781
90,0.08333333333333333,0.8333333333333333,24.285121627167744,64.67991470206024
90,0.08333333333333333,0.875,12.122033819627585,65.79898830612517
90,0.08333333333333333,0.9166666666666666,13.019625042259305,66.77960247632781
90,0.08333333333333333,0.9583333333333333,3.8124748465290113,67.02956442836864
90,0.08333333333333333,1.0,4.583087107960728,64.00886638321583
90,0.125,0.0,3.6969821284718254,68.66187481006905
90,0.125,0.041666666666666664,6.7443366278704975,64.79629909375817
90,0.125,0.08333333333333333,18.60805374554238,68.55533387455397
90,0.125,0.125,26.81152982476908,69.19042015386769
90,0.125,0.16666666666666666,47.416981268344365,68.8035726112798
90,0.125,0.20833333333333331,61.69723727179464,68.00191977828175
90,0.125,0.25,70.37816817074744,70.26173325434856
90,0.125,0.29166666666666663,81.70684233043778,70.02593477379592
90,0.125,0.3333333333333333,90.89030972677293,65.97036708036192
90,0.125,0.375,105.0,68.2013895899118
90,0.125,0.41666666666666663,95.27877981680493,64.74198497086681
90,0.125,0.4583333333333333,98.19241706511613,70.49688088280837
90,0.125,0.5,102.65449384352449,67.95367605180506
90,0.125,0.5416666666666666,98.2464292606072,67.33709973162658
90,0.125,0.5833333333333333,100.61520861350178,67.60398312802896
90,0.125,0.625,94.85692738724048,65.70076999256865
90,0.125,0.6666666666666666,101.43976609465741,65.17771870553196
90,0.125,0.7083333333333333,88.01258127706804,70.03997031559675
90,0.125,0.75,77.2279920478142,70.38789383219735
90,0.125,0.7916666666666666,63.55120559844887,67.91113025951807
90,0.125,0.8333333333333333,47.95325169653197,68.71145215407553
90,0.125,0.875,29.06617809814357,64.53604865459417
90,0.125,0.9166666666666666,11.378462405371877,66.41024495135522
90,0.125,0.9583333333333333,11.820571998289699,71.11085358028517
90,0.125,1.0,8.278739563876833,68.6433260951015
90,0.16666666666666666,0.0,6.281909248595341,71.61313089343086
90,0.16666666666666666,0.041666666666666664,15.585315740235737,71.14815016568974
90,0.16666666666666666,0.08333333333333333,24.39764879172155,70.59126265685062
90,0.16666666666666666,0.125,45.54181912828661,72.84425893188347
90,0.16666666666666666,0.16666666666666666,66.96661747217287,71.15327474204165
90,0.16666666666666666,0.20833333333333331,76.63429816010137,70.42320191050094
90,0.16666666666666666,0.25,93.75115013500698,70.57298176484434
90,0.16666666666666666,0.29166666666666663,95.23282520084501,72.41381139681376
90,0.16666666666666666,0.3333333333333333,105.0,74.50445885884358
90,0.16666666666666666,0.375,98.03078886942934,72.32519826229387
90,0.16666666666666666,0.41666666666666663,91.49693625107747,68.59930533388008
90,0.16666666666666666,0.4583333333333333,99.88541734848742,72.49110750396768
90,0.16666666666666666,0.5,88.10817112547849,71.47447993773164
90,0.16666666666666666,0.5416666666666666,88.56641672325843,70.95215365202314
90,0.16666666666666666,0.5833333333333333,95.88288661220778,70.70873595280918
90,0.16666666666666666,0.625,99.61558142068513,72.25542765736799
90,0.16666666666666666,0.6666666666666666,105.0,68.09781257261086
90,0.16666666666666666,0.7083333333333333,95.9866200790606,68.99269115814091
90,0.16666666666666666,0.75,90.23036105313378,72.77521490714173
90,0.16666666666666666,0.7916666666666666,85.50508184045714,71.43552994617251
90,0.16666666666666666,0.8333333333333333,67.26071207156915,71.38781077951839
90,0.16666666666666666,0.875,39.58334387518235,73.11932733596754
90,0.16666666666666666,0.9166666666666666,28.847458842628427,68.93197827861272
90,0.16666666666666666,0.9583333333333333,19.938687720280093,75.55170739856545
90,0.16666666666666666,1.0,8.99483415468305,75.42574814410135
90,0.20833333333333331,0.0,7.018531119104669,74.06361078219989
90,0.20833333333333331,0.041666666666666664,23.475824674169175,74.20691231147995
90,0.20833333333333331,0.08333333333333333,43.03801485751287,74.68637769521196
90,0.20833333333333331,0.125,62.325525630941684,74.26693019853921
90,0.20833333333333331,0.16666666666666666,79.24555684112869,75.4214390350682
90,0.20833333333333331,0.20833333333333331,86.35533623492306,76.98883747100427
90,0.20833333333333331,0.25,93.70755634564267,75.45219939461046
90,0.20833333333333331,0.29166666666666663,101.77425495469286,75.04655782349919
90,0.20833333333333331,0.3333333333333333,85.94022055576774,75.96283135616069
90,0.20833333333333331,0.375,92.47285767699329,74.3091941207071
90,0.20833333333333331,0.41666666666666663,80.30898217846823,75.81142996179597
90,0.20833333333333331,0.4583333333333333,69.34079934688646,72.17403944592652
90,0.20833333333333331,0.5,73.21037071764631,74.82690652594098
90,0.20833333333333331,0.5416666666666666,68.33098008345559,77.64752397558675
90,0.20833333333333331,0.5833333333333333,74.49134721687962,75.10295320759256
90,0.20833333333333331,0.625,81.16419705304006,76.60625719774214
90,0.20833333333333331,0.6666666666666666,91.2803916375183,73.947880396323
90,0.20833333333333331,0.7083333333333333,98.813457053735,73.61562930250447
90,0.20833333333333331,0.75,104.40494265662609,75.90433212402064
90,0.20833333333333331,0.7916666666666666,98.63167820355362,78.27293225350653
90,0.20833333333333331,0.8333333333333333,72.18032568677484,73.84040123263664
90,0.20833333333333331,0.875,54.51015324388169,75.34260284624628
90,0.20833333333333331,0.9166666666666666,45.46786413601414,76.46907745298184
90,0.20833333333333331,0.9583333333333333,27.876710599415343,76.57104330933112
90,0.20833333333333331,1.0,8.106094303124827,76.60997620081993
90,0.25,0.0,12.787150081200938,75.97824347673249
90,0.25,0.041666666666666664,41.66801130090663,77.4184342742786
90,0.25,0.08333333333333333,50.242157229725684,76.07349739285925
90,0.25,0.125,73.11374017142266,75.86495038305772
90,0.25,0.16666666666666666,84.45242914155031,76.87923093657668
90,0.25,0.20833333333333331,98.03725458337135,76.87975361476259
90,0.25,0.25,102.29122834421361,74.90172767103502
90,0.25,0.29166666666666663,92.7925700597413,76.5117683465527
90,0.25,0.3333333333333333,72.58458569358712,76.53487019342533
90,0.25,0.375,64.51159737497254,80.97875609183387
90,0.25,0.41666666666666663,54.41509996677259,78.06881573793568
90,0.25,0.4583333333333333,50.256484378745164,78.91962821526833
90,0.25,0.5,43.80180825342395,78.62742818253408
90,0.25,0.5416666666666666,45.671008262795645,77.62917375182637
90,0.25,0.5833333333333333,49.42778702365799,78.53665181569471
90,0.25,0.625,63.35782272008289,76.37503184420967
90,0.25,0.6666666666666666,75.13665131967434,75.84278077853797
90,0.25,0.7083333333333333,85.7485522290203,80.54130839400001
90,0.25,0.75,95.35026769998314,80.51127808705202
90,0.25,0.7916666666666666,96.89812816031657,77.63192922767249
90,0.25,0.8333333333333333,84.67709505217258,78.97805104777525
90,0.25,0.875,82.13735059695266,76.42454631147818
90,0.25,0.9166666666666666,57.10465304483778,78.79867033647254
90,0.25,0.9583333333333333,30.81321827655948,80.28234865487214
90,0.25,1.0,15.29239313344866,76.53126843301
90,0.29166666666666663,0.0,24.220523196232644,82.49410777150824
90,0.29166666666666663,0.041666666666666664,51.04053502556143,80.93146501762394
90,0.29166666666666663,0.08333333333333333,62.41741984945948,79.4725669781888
90,0.29166666666666663,0.125,91.63069112396973,81.28214129852478
90,0.29166666666666663,0.16666666666666666,88.99748319489635,84.77203472246504
90,0.29166666666666663,0.20833333333333331,97.18068679648971,78.1253972925587
90,0.29166666666666663,0.25,86.16872187010783,79.21448314827225
90,0.29166666666666663,0.29166666666666663,71.52787394853455,79.70614745690183
90,0.29166666666666663,0.3333333333333333,50.04240285115862,80.5997349383289
90,0.29166666666666663,0.375,47.00978164601555,78.3736625434668
90,0.29166666666666663,0.41666666666666663,33.95348326433199,80.72908878163774
90,0.29166666666666663,0.4583333333333333,30.680923456869195,79.56373386756265
90,0.29166666666666663,0.5,24.344511969835104,81.6310601324306
90,0.29166666666666663,0.5416666666666666,26.58987898741323,83.0538809821916
90,0.29166666666666663,0.5833333333333333,34.10923070524669,82.95168478999187
90,0.29166666666666663,0.625,36.953535128692465,82.05483114734562
90,0.29166666666666663,0.6666666666666666,57.370972754595925,82.76504453352472
90,0.29166666666666663,0.7083333333333333,69.5282663837377,78.96119221281121
90,0.29166666666666663,0.75,86.78266615605013,83.93686075566794
90,0.29166666666666663,0.7916666666666666,97.0866003101102,79.83199641500667
90,0.29166666666666663,0.8333333333333333,99.70931645326746,79.46608802235689
90,0.29166666666666663,0.875,86.58322126208978,84.87407774984892
90,0.29166666666666663,0.9166666666666666,63.475881211417175,78.0852384091262
90,0.29166666666666663,0.9583333333333333,37.266180593027904,82.94387108879383
90,0.29166666666666663,1.0,28.377421656008455,78.85487447534315
90,0.3333333333333333,0.0,30.61481462460502,85.22753606083461
90,0.3333333333333333,0.041666666666666664,48.43156739510603,81.71153104236647
90,0.3333333333333333,0.08333333333333333,70.30144418105338,83.59056873634938
90,0.3333333333333333,0.125,98.23208291316355,84.03328986397742
90,0.3333333333333333,0.16666666666666666,98.6351148498779,86.2918489108575
90,0.3333333333333333,0.20833333333333331,91.56402220709116,83.53737754564781
90,0.3333333333333333,0.25,73.99061497687683,84.19293826538964
90,0.3333333333333333,0.29166666666666663,49.197107657864215,87.8925612798763
90,0.3333333333333333,0.3333333333333333,32.3562723998721,85.40877572915497
90,0.3333333333333333,0.375,26.730949664289117,87.43576573761166
90,0.3333333333333333,0.41666666666666663,14.823433443468474,81.77371369918832
90,0.3333333333333333,0.4583333333333333,11.564669353574772,82.70027219059742
90,0.3333333333333333,0.5,11.860362267462955,82.41646759772381
90,0.3333333333333333,0.5416666666666666,16.2714928092915,80.54880429321717
90,0.3333333333333333,0.5833333333333333,24.996253341866293,83.83142896192246
90,0.3333333333333333,0.625,29.143350215416845,84.06322484082904
90,0.3333333333333333,0.6666666666666666,43.82844664148547,81.70813295016303
90,0.3333333333333333,0.7083333333333333,52.27089529099916,83.04319612426508
90,0.3333333333333333,0.75,74.06741142009811,81.84271588496969
90,0.3333333333333333,0.7916666666666666,92.65626869775647,84.93629394077526
90,0.3333333333333333,0.8333333333333333,97.22815981243093,86.66461954216634
90,0.3333333333333333,0.875,87.79419363600813,84.53330760426832
90,0.3333333333333333,0.9166666666666666,72.6324437299683,84.15609239684794
90,0.3333333333333333,0.9583333333333333,53.59702301441477,82.07689693163526
90,0.3333333333333333,1.0,32.543025967689225,81.01330987395608
90,0.375,0.0,43.47803906843146,85.62603739274971
90,0.375,0.041666666666666664,61.95308432965095,83.52636606721572
90,0.375,0.08333333333333333,78.62736972106939,82.45244310531353
90,0.375,0.125,96.24450004720893,87.6773299199152
90,0.375,0.16666666666666666,98.08423391485229,83.97587164304953
90,0.375,0.20833333333333331,82.42451694512107,87.11599147798444
90,0.375,0.25,59.6351673810243,86.7256315024988
90,0.375,0.29166666666666663,42.6899925472185,86.65665647083667
90,0.375,0.3333333333333333,29.663666489920416,83.92011223569762
90,0.375,0.375,5.161492666398045,88.39429703983797
90,0.375,0.41666666666666663,6.720377659463299,83.0479363980443
90,0.375,0.4583333333333333,10.584181425540763,88.96917515285674
90,0.375,0.5,12.250846157289491,87.95683094785018
90,0.375,0.5416666666666666,1.7045177345639813,84.88870380687298
90,0.375,0.5833333333333333,10.388611359905937,89.17996326906838
90,0.375,0.625,9.714801627294037,86.03514719206044
90,0.375,0.6666666666666666,20.905560622288583,84.14543596195597
90,0.375,0.7083333333333333,43.15942015664022,87.1946434206769
90,0.375,0.75,65.9871882002018,88.03561096780756
90,0.375,0.7916666666666666,89.50170321649067,85.64367382543044
90,0.375,0.8333333333333333,97.89076582064858,88.4350665426291
90,0.375,0.875,97.83145774940236,87.6920362265769
90,0.375,0.9166666666666666,85.49292774818393,87.29448975007223
90,0.375,0.9583333333333333,60.46568688731196,89.80973936091868
90,0.375,1.0,48.7148738120797,85.96798830366916
90,0.41666666666666663,0.0,39.96997136958444,87.38739921954122
90,0.41666666666666663,0.041666666666666664,65.44246989697531,88.6313662889754
90,0.41666666666666663,0.08333333333333333,84.00229771894803,90.03806624952163
90,0.41666666666666663,0.125,92.1139250077421,83.85649525055122
90,0.41666666666666663,0.16666666666666666,94.31149001973989,85.5353677074887
90,0.41666666666666663,0.20833333333333331,79.18532847867824,87.2560730740653
90,0.41666666666666663,0.25,55.400427880819194,88.22499957586066
90,0.41666666666666663,0.29166666666666663,32.117655292954275,88.33871231628393
90,0.41666666666666663,0.3333333333333333,14.778793720692843,85.61472415725721
90,0.41666666666666663,0.375,11.56665938292956,86.33624154132319
90,0.41666666666666663,0.41666666666666663,9.688884803980887,86.38605037586815
90,0.41666666666666663,0.4583333333333333,0.0,86.41830076526999
90,0.41666666666666663,0.5,0.0,87.8590367366473
90,0.41666666666666663,0.5416666666666666,0.0,90.1252667914057
90,0.41666666666666663,0.5833333333333333,0.0,86.5388960362467
90,0.41666666666666663,0.625,3.7712682550875023,86.0342987635483
90,0.41666666666666663,0.6666666666666666,10.024312826409933,88.545330287095
90,0.41666666666666663,0.7083333333333333,31.21624396552442,87.54795440042756
90,0.41666666666666663,0.75,53.5770392063811,88.60994207319061
90,0.41666666666666663,0.7916666666666666,82.44231009517246,92.72382443258593
90,0.41666666666666663,0.8333333333333333,90.57689606904574,87.77857870522197
90,0.41666666666666663,0.875,103.8718443708818,84.678962001372
90,0.41666666666666663,0.9166666666666666,86.55241461744693,86.26296479097599
90,0.41666666666666663,0.9583333333333333,67.30215557314939,84.5786032630328
90,0.41666666666666663,1.0,40.109624953981886,87.73987758627055
90,0.4583333333333333,0.0,42.175865833251905,88.94324335446628
90,0.4583333333333333,0.041666666666666664,78.87648216215835,87.84148226078837
90,0.4583333333333333,0.08333333333333333,94.32817033933289,88.2605026143152
90,0.4583333333333333,0.125,102.05574912006149,87.45731511389891
90,0.4583333333333333,0.16666666666666666,92.97510425318414,85.65973679499336
90,0.4583333333333333,0.20833333333333331,67.82038253721096,91.11011017446643
90,0.4583333333333333,0.25,49.63400332803847,87.65384830195528
90,0.4583333333333333,0.29166666666666663,19.570097843832112,89.89466533053934
90,0.4583333333333333,0.3333333333333333,18.172055689963628,90.94858612971687
90,0.4583333333333333,0.375,3.4807273924225024,86.09366263778244
90,0.4583333333333333,0.41666666666666663,4.9063426587582,85.93104649696663
90,0.4583333333333333,0.4583333333333333,7.750296956724967,90.07439782423161
90,0.4583333333333333,0.5,0.0,90.50737223902883
90,0.4583333333333333,0.5416666666666666,0.0,88.29322147767562
90,0.4583333333333333,0.5833333333333333,1.2406323165079332,86.92052923656789
90,0.4583333333333333,0.625,4.455924122950681,87.91860491232057
90,0.4583333333333333,0.6666666666666666,12.785046557023465,90.35535403518253
90,0.4583333333333333,0.7083333333333333,25.060759889892175,85.2299104145105
90,0.4583333333333333,0.75,47.71893897502705,86.02487088141099
90,0.4583333333333333,0.7916666666666666,66.81045288806664,89.29250163091147
90,0.4583333333333333,0.8333333333333333,92.60147757246675,87.52668183948471
90,0.4583333333333333,0.875,105.0,87.52750219462985
90,0.4583333333333333,0.9166666666666666,89.77115929703044,89.12050764182844
90,0.4583333333333333,0.9583333333333333,77.15287715058054,89.72956429503544
90,0.4583333333333333,1.0,43.786124604714274,87.51005402972888
90,0.5,0.0,40.23804534449991,89.3720823697297
90,0.5,0.041666666666666664,75.59433552813692,84.48343078508869
90,0.5,0.08333333333333333,94.2051519708576,87.18591297508742
90,0.5,0.125,94.97577289424575,86.693018251305
90,0.5,0.16666666666666666,88.20135538939583,90.48803749239208
90,0.5,0.20833333333333331,69.7190275301065,90.10118738710491
90,0.5,0.25,39.607278477585155,88.88122429906298
90,0.5,0.29166666666666663,23.493502341252412,86.20935036793071
90,0.5,0.3333333333333333,7.372242482073906,88.89271634665906
90,0.5,0.375,0.8523611767785364,88.88372267225255
90,0.5,0.41666666666666663,2.3938647127594392,88.3327823669369
90,0.5,0.4583333333333333,1.2303883825264026,89.67998382738432
90,0.5,0.5,4.029608958891585,88.97510772120323
90,0.5,0.5416666666666666,2.5012049953256694,90.56935774124882
90,0.5,0.5833333333333333,8.45403172061947,88.86111033076604
90,0.5,0.625,0.0,89.38753101612731
90,0.5,0.6666666666666666,13.402869763943238,89.18333443780402
90,0.5,0.7083333333333333,28.24732163066318,86.96263259479623
90,0.5,0.75,41.917482650184745,87.5383614827059
90,0.5,0.7916666666666666,64.30754658420625,86.637664731972
90,0.5,0.8333333333333333,87.05363928100081,90.60014508774917
90,0.5,0.875,96.84881842969591,84.83589409779225
90,0.5,0.9166666666666666,93.51637120459992,89.7175482582798
90,0.5,0.9583333333333333,68.73809025232069,86.84132981101345
90,0.5,1.0,47.34443416833606,85.68415879471775
90,0.5416666666666666,0.0,47.7892492254688,88.41553487652946
90,0.5416666666666666,0.041666666666666664,74.07249284610238,88.54791602654547
90,0.5416666666666666,0.08333333333333333,96.20869410017666,89.15815054293006
90,0.5416666666666666,0.125,98.54835772435419,90.6896960120707
90,0.5416666666666666,0.16666666666666666,89.5927106998226,87.01895980440226
90,0.5416666666666666,0.20833333333333331,66.99320951721006,87.26223582614887
90,0.5416666666666666,0.25,48.20676856249957,89.46171293745859
90,0.5416666666666666,0.29166666666666663,22.247519283605737,89.317681910319
90,0.5416666666666666,0.3333333333333333,7.37523341099321,86.48145548107472
90,0.5416666666666666,0.375,7.704870773503487,87.57232677942298
90,0.5416666666666666,0.41666666666666663,0.0,88.42353347844929
90,0.5416666666666666,0.4583333333333333,0.0,87.49147905962019
90,0.5416666666666666,0.5,5.695957598426549,87.91968159862364
90,0.5416666666666666,0.5416666666666666,0.0,87.6136408874064
90,0.5416666666666666,0.5833333333333333,6.1983131652422845,87.15128426140123
90,0.5416666666666666,0.625,3.212645990889568,87.224719574359
90,0.5416666666666666,0.6666666666666666,17.255495903886388,90.5923023789789
90,0.5416666666666666,0.7083333333333333,30.044594541467504,90.91663383678049
90,0.5416666666666666,0.75,48.633840961865744,93.79108431253633
90,0.5416666666666666,0.7916666666666666,69.33737858436436,87.84807428947424
90,0.5416666666666666,0.8333333333333333,95.0583204206681,86.50517133887003
90,0.5416666666666666,0.875,101.19752756687588,88.84241785935129
90,0.5416666666666666,0.9166666666666666,91.03210837152528,91.20288059676324
90,0.5416666666666666,0.9583333333333333,71.343564592794,89.31924365818512
90,0.5416666666666666,1.0,39.610136172045024,93.64527926164659
90,0.5833333333333333,0.0,48.449924750124374,83.99659112998737
90,0.5833333333333333,0.041666666666666664,71.62732064343788,85.41802721639638
90,0.5833333333333333,0.08333333333333333,82.78005781518908,86.19646463880808
90,0.5833333333333333,0.125,98.9083389068709,87.86233671937839
90,0.5833333333333333,0.16666666666666666,95.28233605381489,85.84335119037407
90,0.5833333333333333,0.20833333333333331,82.298273266964,84.38257259611578
90,0.5833333333333333,0.25,53.83259683785665,89.57595147288399
90,0.5833333333333333,0.29166666666666663,40.60162479382376,87.2241852180886
90,0.5833333333333333,0.3333333333333333,16.68361338531734,87.54179903254736
90,0.5833333333333333,0.375,6.239865860991557,88.83826308964336
90,0.5833333333333333,0.41666666666666663,3.318476719238058,91.78545438589609
90,0.5833333333333333,0.4583333333333333,1.3905826952502827,85.15568264063089
90,0.5833333333333333,0.5,0.0,90.39903691704342
90,0.5833333333333333,0.5416666666666666,1.9361070285311668,84.3308300752077
90,0.5833333333333333,0.5833333333333333,2.1593258841312837,85.20072527170127
90,0.5833333333333333,0.625,5.9628922161193785,84.45757077838563
90,0.5833333333333333,0.6666666666666666,15.174482140614948,84.25749393073261
90,0.5833333333333333,0.7083333333333333,39.13424312220368,88.04164100072808
90,0.5833333333333333,0.75,53.949731516271065,87.62473284160816
90,0.5833333333333333,0.7916666666666666,79.45133677651164,86.16414884664
90,0.5833333333333333,0.8333333333333333,90.02852681678755,84.75773519594833
90,0.5833333333333333,0.875,97.9907773132732,86.34852458856051
90,0.5833333333333333,0.9166666666666666,97.97787136521717,91.80443550582044
90,0.5833333333333333,0.9583333333333333,72.07870754286554,87.8259334609806
90,0.5833333333333333,1.0,46.68051808327769,87.38217330898074
90,0.625,0.0,37.30961861412375,87.72908807027618
90,0.625,0.041666666666666664,57.251464110647056,86.7132478222442
90,0.625,0.08333333333333333,83.78808987928669,86.27764910227538
90,0.625,0.125,100.00438327916828,84.87340549413099
90,0.625,0.16666666666666666,90.72417644374403,86.90214588454529
90,0.625,0.20833333333333331,86.57507880218593,84.36290677826102
90,0.625,0.25,62.86027184629072,83.69714314334752
90,0.625,0.29166666666666663,41.14035636958809,87.5663101276394
90,0.625,0.3333333333333333,24.74113673954925,88.22063029940597
90,0.625,0.375,12.028430282576206,85.60952556122423
90,0.625,0.41666666666666663,0.0,86.7574626654829
90,0.625,0.4583333333333333,6.80698458957467,82.92393815654144
90,0.625,0.5,4.165412777405269,84.04908510491639
90,0.625,0.5416666666666666,5.548647934964311,87.82213767866938
90,0.625,0.5833333333333333,4.1730475947358965,87.2890321871983
90,0.625,0.625,9.729085537523497,86.88687770284129
90,0.625,0.6666666666666666,22.65423511392658,87.01759357031149
90,0.625,0.7083333333333333,38.28528716013244,83.51428565984965
90,0.625,0.75,64.83605104221313,88.67612308053074
90,0.625,0.7916666666666666,89.37039513689162,90.22999752697021
90,0.625,0.8333333333333333,104.14466507694608,88.0415497709163
90,0.625,0.875,102.11345099098887,83.5538791251999
90,0.625,0.9166666666666666,89.0475570777508,84.33169025033625
90,0.625,0.9583333333333333,60.653058291475524,83.36209777450765
90,0.625,1.0,36.30562951237315,88.08116083957677
90,0.6666666666666666,0.0,30.741221690071153,81.3720615188981
90,0.6666666666666666,0.041666666666666664,45.45834420173834,84.92814710656678
90,0.6666666666666666,0.08333333333333333,75.6539139716246,83.59581267075829
90,0.6666666666666666,0.125,92.24465714495575,84.33804450555357
90,0.6666666666666666,0.16666666666666666,96.86759200322749,84.46826176891798
90,0.6666666666666666,0.20833333333333331,93.15991497543173,83.34156445002054
90,0.6666666666666666,0.25,81.08602341838488,84.08194344205361
90,0.6666666666666666,0.29166666666666663,50.457502920386624,86.64061477912436
90,0.6666666666666666,0.3333333333333333,42.75243739991121,83.49480568803342
90,0.6666666666666666,0.375,30.11320305487179,83.40065637159901
90,0.6666666666666666,0.41666666666666663,17.439846587613108,79.66607199122228
90,0.6666666666666666,0.4583333333333333,17.62611721232765,82.19649992473184
90,0.6666666666666666,0.5,11.012580178083388,84.11779004916822
90,0.6666666666666666,0.5416666666666666,12.682182532200844,83.9583846208023
90,0.6666666666666666,0.5833333333333333,18.961197677254066,85.15766374622028
90,0.6666666666666666,0.625,23.573518658116775,78.74215133732743
90,0.6666666666666666,0.6666666666666666,38.332322757227615,85.31514878435921
90,0.6666666666666666,0.7083333333333333,55.67863576138023,82.41561622361456
90,0.6666666666666666,0.75,82.52687463078996,82.26612106372454
90,0.6666666666666666,0.7916666666666666,90.7836637998119,82.35195603212188
90,0.6666666666666666,0.8333333333333333,103.30535037127277,81.07821132175802
90,0.6666666666666666,0.875,91.91956520386955,83.59162993855261
90,0.6666666666666666,0.9166666666666666,80.18608520977884,88.28931731391359
90,0.6666666666666666,0.9583333333333333,57.7346406905989,83.75011915007178
90,0.6666666666666666,1.0,34.69799263247433,83.43124037363725
90,0.7083333333333333,0.0,25.977446399290823,80.2860984040401
90,0.7083333333333333,0.041666666666666664,43.3803592243364,79.82966963155735
90,0.7083333333333333,0.08333333333333333,72.53451764971263,81.34189295477535
90,0.7083333333333333,0.125,91.57669071191,79.74074769852712
90,0.7083333333333333,0.16666666666666666,102.08092429559917,79.94365603856536
90,0.7083333333333333,0.20833333333333331,100.99959945034539,79.84154706031788
90,0.7083333333333333,0.25,87.63440436213959,79.77463975889137
90,0.7083333333333333,0.29166666666666663,70.69734516126826,81.67458876959103
90,0.7083333333333333,0.3333333333333333,45.766403369378686,84.07923330231682
90,0.7083333333333333,0.375,44.75016309143112,80.25129264014167
90,0.7083333333333333,0.41666666666666663,42.04346566604304,80.33710922466985
90,0.7083333333333333,0.4583333333333333,27.56626352038852,85.17180759276663
90,0.7083333333333333,0.5,33.007128000335165,79.67684546787827
90,0.7083333333333333,0.5416666666666666,29.02186100502333,80.50342415376441
90,0.7083333333333333,0.5833333333333333,37.50121637931227,79.14658475458407
90,0.7083333333333333,0.625,46.390165723435594,81.35208094575324
90,0.7083333333333333,0.6666666666666666,52.664632797030315,80.93491592398435
90,0.7083333333333333,0.7083333333333333,69.25697097286465,79.38749021826638
90,0.7083333333333333,0.75,86.24643781760692,83.1111207263104
90,0.7083333333333333,0.7916666666666666,100.07737437153227,81.72449942098385
90,0.7083333333333333,0.8333333333333333,99.45470486727895,82.62105642775374
90,0.7083333333333333,0.875,89.70493453652864,82.63786735997505
90,0.7083333333333333,0.9166666666666666,69.21336867536934,82.5454483010827
90,0.7083333333333333,0.9583333333333333,44.255567433172054,84.12278801812485
90,0.7083333333333333,1.0,28.13479658230318,77.89042167590675
90,0.75,0.0,26.046441679229126,79.17954865027316
90,0.75,0.041666666666666664,37.225298122809676,77.49319956241588
90,0.75,0.08333333333333333,53.22542581551633,77.65550306218064
90,0.75,0.125,74.74521175108914,77.8009595410186
90,0.75,0.16666666666666666,87.72047231874637,77.69795528559187
90,0.75,0.20833333333333331,99.54673301725927,75.13302969414828
90,0.75,0.25,99.42059287740274,78.15593857872148
90,0.75,0.29166666666666663,89.87915891393651,76.0931816327301
90,0.75,0.3333333333333333,79.48795092930703,80.68280446440859
90,0.75,0.375,65.91628193989537,81.45750914327003
90,0.75,0.41666666666666663,49.74885154565136,77.83114281655672
90,0.75,0.4583333333333333,48.68650630314292,77.79731935962096
90,0.75,0.5,46.20428123667264,73.9280082947763
90,0.75,0.5416666666666666,47.35466487699186,81.2436117968575
90,0.75,0.5833333333333333,50.96673696778543,78.48865331576589
90,0.75,0.625,62.34409441746989,79.51154132530881
90,0.75,0.6666666666666666,82.80123292162409,78.84136792212608
90,0.75,0.7083333333333333,90.10809648997873,76.00151493979219
90,0.75,0.75,96.31317969161604,76.48629845496278
90,0.75,0.7916666666666666,103.28167200912532,80.01054892236374
90,0.75,0.8333333333333333,93.93880177178917,76.08396956222454
90,0.75,0.875,77.10412706503516,79.16771780655854
90,0.75,0.9166666666666666,47.462791622402165,78.67582982044775
90,0.75,0.9583333333333333,33.4635741608058,76.40460956475394
90,0.75,1.0,25.859812288593794,77.20534376805503
90,0.7916666666666666,0.0,11.879296455829358,70.51105428470561
90,0.7916666666666666,0.041666666666666664,21.141683159174235,75.6257741992527
90,0.7916666666666666,0.08333333333333333,38.3309667239808,76.41863675265556
90,0.7916666666666666,0.125,67.04709928851405,76.869380449699
90,0.7916666666666666,0.16666666666666666,78.67213634861564,70.86889292367913
90,0.7916666666666666,0.20833333333333331,95.18934155705433,73.41911414381939
90,0.7916666666666666,0.25,94.31292019317097,76.42609147561772
90,0.7916666666666666,0.29166666666666663,101.63483697809622,76.04442489616606
90,0.7916666666666666,0.3333333333333333,97.37225385552424,77.65687308310834
90,0.7916666666666666,0.375,84.14920352920556,71.70180130483541
90,0.7916666666666666,0.41666666666666663,83.09425161972014,74.28571260796878
90,0.7916666666666666,0.4583333333333333,69.67087415259552,71.87768044144958
90,0.7916666666666666,0.5,61.95493661973115,75.1249106018571
90,0.7916666666666666,0.5416666666666666,75.09563743305783,73.74812321474698
90,0.7916666666666666,0.5833333333333333,72.0559677632973,72.81819031979144
90,0.7916666666666666,0.625,93.51831765345787,72.6703125492463
90,0.7916666666666666,0.6666666666666666,97.89275111201556,75.05526896063488
90,0.7916666666666666,0.7083333333333333,96.19384439248863,72.1889176545226
90,0.7916666666666666,0.75,98.2728006595878,73.84160562704909
90,0.7916666666666666,0.7916666666666666,92.41042979052831,74.6108855823528
90,0.7916666666666666,0.8333333333333333,84.81951265656855,78.71938192174821
90,0.7916666666666666,0.875,66.28956787009545,77.3881816695545
90,0.7916666666666666,0.9166666666666666,36.15953683299094,74.68597731962467
90,0.7916666666666666,0.9583333333333333,21.71901103924216,75.38770732426947
90,0.7916666666666666,1.0,13.738866951660667,72.70148728478355
90,0.8333333333333333,0.0,7.200563211935144,71.97375818914298
90,0.8333333333333333,0.041666666666666664,18.207440134426257,70.80141367165707
90,0.8333333333333333,0.08333333333333333,22.996438323421252,71.99619055120759
90,0.8333333333333333,0.125,45.351699685313335,70.83958016222999
90,0.8333333333333333,0.16666666666666666,64.26157966951486,69.31341315209751
90,0.8333333333333333,0.20833333333333331,78.27435580929976,66.96576829592304
90,0.8333333333333333,0.25,92.77217132197342,73.75798734068536
90,0.8333333333333333,0.29166666666666663,93.81609887862743,75.66169846123867
90,0.8333333333333333,0.3333333333333333,103.63678176824406,72.19409982911115
90,0.8333333333333333,0.375,93.83640582100442,74.08118250486696
90,0.8333333333333333,0.41666666666666663,94.98495053086744,72.81971853840469
90,0.8333333333333333,0.4583333333333333,96.947518197635,71.59723666213603
90,0.8333333333333333,0.5,89.48075740283957,71.24588490639171
90,0.8333333333333333,0.5416666666666666,87.74186802725166,70.63940339414982
90,0.8333333333333333,0.5833333333333333,98.10113438397349,70.18235288688807
90,0.8333333333333333,0.625,95.26158512253869,71.81812270663109
90,0.8333333333333333,0.6666666666666666,100.88385864346829,70.93884518555134
90,0.8333333333333333,0.7083333333333333,101.50136225121355,73.02436588659589
90,0.8333333333333333,0.75,93.5649570900662,71.79359546774545
90,0.8333333333333333,0.7916666666666666,78.91381025875764,71.58318683753068
90,0.8333333333333333,0.8333333333333333,59.074383870574884,71.08925242113479
90,0.8333333333333333,0.875,45.646195211909706,71.75917808424701
90,0.8333333333333333,0.9166666666666666,36.66619720964671,73.90636392268448
90,0.8333333333333333,0.9583333333333333,15.8255529505697,70.80661445881816
90,0.8333333333333333,1.0,7.240806274553487,69.58523375946162
90,0.875,0.0,4.264719765472028,70.43089107972804
90,0.875,0.041666666666666664,9.566978430052272,72.51093085826037
90,0.875,0.08333333333333333,17.526258700934687,69.29217482018456
90,0.875,0.125,32.65622024089701,69.5511063716438
90,0.875,0.16666666666666666,48.290945808885006,70.9920747521491
90,0.875,0.20833333333333331,56.40239914635032,67.97386689767987
90,0.875,0.25,73.177599221753,70.59068153004063
90,0.875,0.29166666666666663,86.8092157334411,70.32424895580797
90,0.875,0.3333333333333333,96.46581327940203,68.19087179014042
90,0.875,0.375,97.6161603188243,66.60182633157085
90,0.875,0.41666666666666663,99.56859405740946,70.67017778751007
90,0.875,0.4583333333333333,105.0,67.43189489090598
90,0.875,0.5,95.23295626853982,66.26280525055954
90,0.875,0.5416666666666666,98.2647860456987,69.91961016202714
90,0.875,0.5833333333333333,94.76405621677112,66.38440165676072
90,0.875,0.625,98.31969817243527,67.77253710280002
90,0.875,0.6666666666666666,98.39810552920014,66.05853374538701
90,0.875,0.7083333333333333,87.8138891147085,67.75526566440351
90,0.875,0.75,72.23485855961891,65.59809756682147
90,0.875,0.7916666666666666,70.49396514332031,69.31905459776273
90,0.875,0.8333333333333333,44.51362832070671,68.85133953756865
90,0.875,0.875,30.868961868946084,71.30792592982479
90,0.875,0.9166666666666666,17.761660972607217,71.3434773115723
90,0.875,0.9583333333333333,12.210497360695157,67.3158121624653
90,0.875,1.0,7.731942749247905,67.69716129093601
90,0.9166666666666666,0.0,7.615728663013436,64.11661065962689
90,0.9166666666666666,0.041666666666666664,1.5597356209877375,68.57458606850447
90,0.9166666666666666,0.08333333333333333,10.271560668214772,65.29512598063062
90,0.9166666666666666,0.125,19.027073125457193,65.89156420601267
90,0.9166666666666666,0.16666666666666666,34.18596445637914,66.5914432190529
90,0.9166666666666666,0.20833333333333331,39.20023520954876,64.37738130560022
90,0.9166666666666666,0.25,54.21741328171483,69.8943566240046
90,0.9166666666666666,0.29166666666666663,67.94118063803656,63.99089038981021
90,0.9166666666666666,0.3333333333333333,70.92749117823558,64.97931485889396
90,0.9166666666666666,0.375,82.12563533267617,66.75916510386962
90,0.9166666666666666,0.41666666666666663,90.43170009857171,66.38153101724633
90,0.9166666666666666,0.4583333333333333,86.81967245009201,66.15982221819323
90,0.9166666666666666,0.5,90.61559438744905,66.41147635420346
90,0.9166666666666666,0.5416666666666666,88.50928598128924,65.22998654628148
90,0.9166666666666666,0.5833333333333333,88.45244202224961,67.87506505629992
90,0.9166666666666666,0.625,80.31445319933677,65.56309153322718
90,0.9166666666666666,0.6666666666666666,80.46406387056102,67.30746254767583
90,0.9166666666666666,0.7083333333333333,71.22264283347012,61.97553008451725
90,0.9166666666666666,0.75,49.868386182398766,67.45363494418875
90,0.9166666666666666,0.7916666666666666,37.147590688552455,63.29968051948563
90,0.9166666666666666,0.8333333333333333,25.962222421328466,67.9617701316552
90,0.9166666666666666,0.875,10.279715300172501,65.4041276195906
90,0.9166666666666666,0.9166666666666666,17.50776071804677,63.649285857422655
90,0.9166666666666666,0.9583333333333333,8.295283001680374,63.614212578903796
90,0.9166666666666666,1.0,0.49226662965780377,61.73062054964704
90,0.9583333333333333,0.0,0.0,60.00924558053268
90,0.9583333333333333,0.041666666666666664,1.3952548842929207,61.705596802767296
90,0.9583333333333333,0.08333333333333333,7.138576039215685,63.754621107548836
90,0.9583333333333333,0.125,14.174006853701616,58.26324152957026
90,0.9583333333333333,0.16666666666666666,18.34465997786931,60.102900836042565
90,0.9583333333333333,0.20833333333333331,22.37883355788418,63.40918461799455
90,0.9583333333333333,0.25,30.79289624687159,62.09635301310006
90,0.9583333333333333,0.29166666666666663,46.93271900635602,64.96707221446816
90,0.9583333333333333,0.3333333333333333,52.899486178246775,67.66882874411743
90,0.9583333333333333,0.375,61.12732571279249,63.52750439868364
90,0.9583333333333333,0.41666666666666663,65.74861042112799,66.20809274136882
90,0.9583333333333333,0.4583333333333333,78.03255465967088,62.35981005559395
90,0.9583333333333333,0.5,69.09326643910421,57.9065243718601
90,0.9583333333333333,0.5416666666666666,64.34739240631568,65.27054467742425
90,0.9583333333333333,0.5833333333333333,73.24270124581835,62.53347191429393
90,0.9583333333333333,0.625,59.107315217152085,67.23543273103012
90,0.9583333333333333,0.6666666666666666,54.2453526532967,63.29337380208696
90,0.9583333333333333,0.7083333333333333,53.06742723619574,63.53970570447362
90,0.9583333333333333,0.75,39.729421815710154,59.96756019672027
90,0.9583333333333333,0.7916666666666666,31.377329336525367,60.53653484009294
90,0.9583333333333333,0.8333333333333333,13.460218888441148,61.74394198949133
90,0.9583333333333333,0.875,3.0961916156907776,60.122428816291155
90,0.9583333333333333,0.9166666666666666,6.724369194514382,61.991878624940064
90,0.9583333333333333,0.9583333333333333,7.012659783895075,63.15979179883156
90,0.9583333333333333,1.0,0.0,66.04381026095334
90,1.0,0.0,1.275977248702474,60.064204623960734
90,1.0,0.041666666666666664,0.0,61.3418418732499
90,1.0,0.08333333333333333,2.8201007893395227,62.749357407227244
90,1.0,0.125,0.0,52.82376587776794
90,1.0,0.16666666666666666,9.062984177456539,63.58667656902095
90,1.0,0.20833333333333331,12.154637168453558,63.065201407577966
90,1.0,0.25,15.376120586807486,57.63610154916573
90,1.0,0.29166666666666663,30.10343254470358,61.543970011076766
90,1.0,0.3333333333333333,31.4645967338812,60.09557636464048
90,1.0,0.375,32.269486603306696,60.45932526101179
90,1.0,0.41666666666666663,43.717584994810174,58.3905366424038
90,1.0,0.4583333333333333,48.153682175411774,61.57623133178022
90,1.0,0.5,46.728543429735325,56.09770117028857
90,1.0,0.5416666666666666,43.926559815568034,59.65767060156817
90,1.0,0.5833333333333333,39.73749819292583,60.51649963198108
90,1.0,0.625,40.0597150688396,60.6782618631227
90,1.0,0.6666666666666666,33.453348506946796,61.699011299046674
90,1.0,0.7083333333333333,24.46571231109711,58.21612262969414
90,1.0,0.75,11.022609473884742,61.79187104202555
90,1.0,0.7916666666666666,11.161335579792297,57.34975368639816
90,1.0,0.8333333333333333,6.432175798748344,64.34306028687396
90,1.0,0.875,5.71995907226168,59.79116980236171
90,1.0,0.9166666666666666,9.261518119111592,60.436932985970806
90,1.0,0.9583333333333333,4.227881604779952,58.260934830626134
90,1.0,1.0,1.5776941899183057,61.86959577310211
120,0.0,0.0,13.360435605228714,68.11597505465764
120,0.0,0.041666666666666664,21.78911269010901,62.99704964124787
120,0.0,0.08333333333333333,32.33796905321188,65.97263981298235
120,0.0,0.125,41.460409246615136,66.25398324609549
120,0.0,0.16666666666666666,58.46887935604526,66.66826397723446
120,0.0,0.20833333333333331,70.70365072436063,67.97154443380573
120,0.0,0.25,90.10884904830871,66.30764948788291
120,0.0,0.29166666666666663,87.48487190074762,68.5185276381389
120,0.0,0.3333333333333333,93.73657933408529,63.66247999913014
120,0.0,0.375,97.2049785804409,65.94175967947575
120,0.0,0.41666666666666663,104.12734358594763,66.2483161357405
120,0.0,0.4583333333333333,97.41086117090924,66.13885589883584
120,0.0,0.5,92.86352882445557,68.94055756236709
120,0.0,0.5416666666666666,98.83488989867206,67.72032059140574
120,0.0,0.5833333333333333,100.2889353140492,67.90766245554424
120,0.0,0.625,84.98850535147818,64.59649114217994
120,0.0,0.6666666666666666,92.1231714336719,67.21546424077302
120,0.0,0.7083333333333333,89.44468606868325,66.85452372294876
120,0.0,0.75,81.45564415936968,69.33659548094717
120,0.0,0.7916666666666666,74.60093370306592,68.32119678910044
120,0.0,0.8333333333333333,59.62886377890615,63.8511805701223
120,0.0,0.875,45.8891275558352,66.85972206220255
120,0.0,0.9166666666666666,34.26352174867935,65.57170685350204
120,0.0,0.9583333333333333,26.42851413203463,66.88253377713787
120,0.0,1.0,13.798613204603235,65.85120643489752
120,0.041666666666666664,0.0,9.511738323731871,68.6573997264769
120,0.041666666666666664,0.041666666666666664,41.093223822174885,68.55775635695365
120,0.041666666666666664,0.08333333333333333,46.106661055762544,65.74276241206951
120,0.041666666666666664,0.125,67.97329847057794,68.45168163582188
120,0.041666666666666664,0.16666666666666666,84.27948298619069,67.79036132061725
120,0.041666666666666664,0.20833333333333331,88.29503319725544,67.41266941048316
120,0.041666666666666664,0.25,102.35671180651636,66.45157952560865
120,0.041666666666666664,0.29166666666666663,100.01272218676745,66.66405378202138
120,0.041666666666666664,0.3333333333333333,94.36350748317155,66.77800420267587
120,0.041666666666666664,0.375,97.50788623322744,69.54493638978178
120,0.041666666666666664,0.41666666666666663,96.81784055933059,71.54031289026818
120,0.041666666666666664,0.4583333333333333,93.32875601745357,67.2085186010325
120,0.041666666666666664,0.5,97.4248361185213,71.70969026321666
120,0.041666666666666664,0.5416666666666666,89.74493469569212,69.38771447632726
120,0.041666666666666664,0.5833333333333333,92.6838464699208,68.23997118253212
120,0.041666666666666664,0.625,100.33158188455025,69.53806784003326
120,0.041666666666666664,0.6666666666666666,101.80418595239742,68.5206914603219
120,0.041666666666666664,0.7083333333333333,105.0,69.1086777062058
120,0.041666666666666664,0.75,96.93942314563593,70.81095400560233
120,0.041666666666666664,0.7916666666666666,92.18924149635008,72.16395416362586
120,0.041666666666666664,0.8333333333333333,86.46037961209744,73.87507630537083
120,0.041666666666666664,0.875,75.55187062023647,69.12395390707724
120,0.041666666666666664,0.9166666666666666,42.103475068626295,68.83170000881431
120,0.041666666666666664,0.9583333333333333,35.253889466549595,69.80024323935403
120,0.041666666666666664,1.0,18.53241247451109,67.05548099658377
120,0.08333333333333333,0.0,34.44555596915459,71.72148493271331
120,0.08333333333333333,0.041666666666666664,47.944993602926935,72.99720749198856
120,0.08333333333333333,0.08333333333333333,71.44831170457908,72.66339183195136
120,0.08333333333333333,0.125,79.18645790160545,75.52398794788938
120,0.08333333333333333,0.16666666666666666,98.23660083741656,74.01862792196037
120,0.08333333333333333,0.20833333333333331,95.89913155625025,69.00756690805714
120,0.08333333333333333,0.25,102.00483957041745,72.72709876062595
120,0.08333333333333333,0.29166666666666663,98.81605013733011,72.48035817855792
120,0.08333333333333333,0.3333333333333333,98.65337135125799,75.1539428421035
120,0.08333333333333333,0.375,75.40467177808638,72.30333125566382
120,0.08333333333333333,0.41666666666666663,70.54369436322641,73.29329170675754
120,0.08333333333333333,0.4583333333333333,70.85300388191948,70.65662767172587
120,0.08333333333333333,0.5,76.63751747777349,73.54468174241066
120,0.08333333333333333,0.5416666666666666,71.20112246930995,68.77652876070022
120,0.08333333333333333,0.5833333333333333,76.98024005247672,70.74032302997801
120,0.08333333333333333,0.625,82.4942612169505,70.17672328309233
120,0.08333333333333333,0.6666666666666666,86.95375469436621,70.64702929389891
120,0.08333333333333333,0.7083333333333333,89.84324065017834,71.99757796351207
120,0.08333333333333333,0.75,105.0,74.8393897342965
120,0.08333333333333333,0.7916666666666666,98.78373118246277,72.73468817385847
120,0.08333333333333333,0.8333333333333333,91.49646323710978,71.98532527772402
120,0.08333333333333333,0.875,91.00242036136194,70.26350274731543
120,0.08333333333333333,0.9166666666666666,69.64274279765834,73.54365548473695
120,0.08333333333333333,0.9583333333333333,45.92837535170747,70.65420759613828
120,0.08333333333333333,1.0,31.63105125906222,73.58285110669694
120,0.125,0.0,39.48317116914318,75.58106631338191
120,0.125,0.041666666666666664,68.71922787177323,73.36007216758175
120,0.125,0.08333333333333333,85.44739117461437,74.04794623420314
120,0.125,0.125,95.06830146807019,73.58598642959832
120,0.125,0.16666666666666666,99.8620783891219,75.33667968352864
120,0.125,0.20833333333333331,98.95050380228108,74.28441284236017
120,0.125,0.25,85.50513118019735,75.81890657108104
120,0.125,0.29166666666666663,73.48825798895726,72.70428102484105
120,0.125,0.3333333333333333,62.27623096622063,73.29597936374948
120,0.125,0.375,59.218451892745996,75.68317573376676
120,0.125,0.41666666666666663,55.835524823445475,73.1251191802974
120,0.125,0.4583333333333333,48.36245841972121,71.53982866391452
120,0.125,0.5,49.73887513248221,74.94045988018532
120,0.125,0.5416666666666666,49.43745158575336,73.3429607325671
120,0.125,0.5833333333333333,55.79077502017134,76.83569323171737
120,0.125,0.625,56.78593849399976,71.26024249884857
120,0.125,0.6666666666666666,62.71182675772523,77.96051420527623
120,0.125,0.7083333333333333,69.83463070144087,72.28012858969697
120,0.125,0.75,88.8301736626644,75.52861329700703
120,0.125,0.7916666666666666,97.36473788987327,72.00187092352142
120,0.125,0.8333333333333333,97.76808286932771,73.59564399438636
120,0.125,0.875,95.74294674447627,76.13545154200112
120,0.125,0.9166666666666666,92.39115227029615,72.9434630140641
120,0.125,0.9583333333333333,61.07236520743028,74.38422463969272
120,0.125,1.0,44.24045576335279,71.60620450068981
120,0.16666666666666666,0.0,60.235439114196105,75.9653141823392
120,0.16666666666666666,0.041666666666666664,83.45138946505821,77.54628646308657
120,0.16666666666666666,0.08333333333333333,93.25692365834516,80.33240595749156
120,0.16666666666666666,0.125,92.29428532683575,79.50627037787133
120,0.16666666666666666,0.16666666666666666,91.62312307780616,78.43478514206515
120,0.16666666666666666,0.20833333333333331,85.46444742395006,77.80429535610583
120,0.16666666666666666,0.25,70.65953996030719,77.35187832947655
120,0.16666666666666666,0.29166666666666663,60.86853655053802,78.28057036563278
120,0.16666666666666666,0.3333333333333333,47.55861515402459,79.30765012577021
120,0.16666666666666666,0.375,42.33340652735553,79.96567367214311
120,0.16666666666666666,0.41666666666666663,31.94699861609363,79.21465411000688
120,0.16666666666666666,0.4583333333333333,23.188521753877747,74.36926079504434
120,0.16666666666666666,0.5,15.336290244073954,77.1910392473927
120,0.16666666666666666,0.5416666666666666,24.927221427017567,80.4165163656544
120,0.16666666666666666,0.5833333333333333,28.293509353770315,76.67941341941294
120,0.16666666666666666,0.625,32.43757218305666,80.51624281479448
120,0.16666666666666666,0.6666666666666666,46.86271996025061,73.58737439759635
120,0.16666666666666666,0.7083333333333333,64.1841053495528,76.22640813709559
120,0.16666666666666666,0.75,70.34482326866284,81.2698820955191
120,0.16666666666666666,0.7916666666666666,78.44755859325106,79.07595332737034
120,0.16666666666666666,0.8333333333333333,95.92288163095378,78.9295178759466
120,0.16666666666666666,0.875,96.13302185813951,77.94328176592583
120,0.16666666666666666,0.9166666666666666,92.05465106801914,77.49045871705947
120,0.16666666666666666,0.9583333333333333,77.51583451988957,80.23074520488095
120,0.16666666666666666,1.0,64.48057916298647,78.76988763128564
120,0.20833333333333331,0.0,75.56352428447083,79.84601714138776
120,0.20833333333333331,0.041666666666666664,95.1144386617205,84.44990748833656
120,0.20833333333333331,0.08333333333333333,105.0,84.5963458855462
120,0.20833333333333331,0.125,96.23115075107309,82.13676141324628
120,0.20833333333333331,0.16666666666666666,85.19375292826038,82.08008604373084
120,0.20833333333333331,0.20833333333333331,69.62003685658068,83.18629953497737
120,0.20833333333333331,0.25,50.21722238487271,78.116076332412
120,0.20833333333333331,0.29166666666666663,36.380552358186875,86.11715461550712
120,0.20833333333333331,0.3333333333333333,28.114896216673916,80.55391306884837
120,0.20833333333333331,0.375,21.50291590188601,83.62634709525987
120,0.20833333333333331,0.41666666666666663,9.460600925219882,80.30078033978629
120,0.20833333333333331,0.4583333333333333,2.160971461966472,81.26827611700726
120,0.20833333333333331,0.5,15.481520148163916,81.84144556179103
120,0.20833333333333331,0.5416666666666666,11.76757817930629,78.07305738659336
120,0.20833333333333331,0.5833333333333333,9.080318602659784,82.37688798106888
120,0.20833333333333331,0.625,18.66288700043945,81.28194733632961
120,0.20833333333333331,0.6666666666666666,26.54713225624577,81.57588010115383
120,0.20833333333333331,0.7083333333333333,38.65594229095035,83.36074990743882
120,0.20833333333333331,0.75,49.063348696051904,84.77443904889971
120,0.20833333333333331,0.7916666666666666,71.53090994065279,81.92042174800463
120,0.20833333333333331,0.8333333333333333,80.96813233482004,80.40339794026544
120,0.20833333333333331,0.875,92.07701688541079,78.19320246465901
120,0.20833333333333331,0.9166666666666666,96.67162947656891,81.27525988036592
120,0.20833333333333331,0.9583333333333333,95.13186134395423,78.80459144361821
120,0.20833333333333331,1.0,71.79008484171892,80.9669360231091
120,0.25,0.0,85.8310040134782,84.72026250143098
120,0.25,0.041666666666666664,96.75063507930078,82.37105824249832
120,0.25,0.08333333333333333,99.88390987737759,82.79296104667377
120,0.25,0.125,88.853868285869,84.14506619084818
120,0.25,0.16666666666666666,64.97719588006849,85.25073521262334
120,0.25,0.20833333333333331,47.48270792697096,86.79612661662176
120,0.25,0.25,32.047773364994775,85.56487206874142
120,0.25,0.29166666666666663,26.56973133614196,83.90331732832114
120,0.25,0.3333333333333333,15.284327486115993,85.1911547557995
120,0.25,0.375,9.989804928679257,84.63814756855339
120,0.25,0.41666666666666663,3.7238695646885476,82.49792215649367
120,0.25,0.4583333333333333,9.33696099052142,84.6469322705826
120,0.25,0.5,2.147864879958928,84.09866212690521
120,0.25,0.5416666666666666,5.425737417122481,83.95925542719911
120,0.25,0.5833333333333333,3.141013832019899,84.65926702229997
120,0.25,0.625,7.986968834351144,83.8558250530033
120,0.25,0.6666666666666666,20.657795572172873,83.26421121621912
120,0.25,0.7083333333333333,24.0200105422022,85.05312854205478
120,0.25,0.75,35.65536536777486,79.62178118674657
120,0.25,0.7916666666666666,58.50686547913886,81.93872622092564
120,0.25,0.8333333333333333,71.47975246043038,80.70469762710292
120,0.25,0.875,83.79888531816279,83.63218670733217
120,0.25,0.9166666666666666,104.96842666998865,88.51408644164273
120,0.25,0.9583333333333333,96.88426643743183,81.58455454602532
120,0.25,1.0,84.83163689689387,80.47083222157086
120,0.29166666666666663,0.0,87.7477707088665,84.39184334563058
120,0.29166666666666663,0.041666666666666664,97.86838015829146,84.59841825342495
120,0.29166666666666663,0.08333333333333333,97.37770241672976,86.08604547122411
120,0.29166666666666663,0.125,76.81604504331405,90.79211915887781
120,0.29166666666666663,0.16666666666666666,50.67481666435186,85.75573577735236
120,0.29166666666666663,0.20833333333333331,37.80997659894953,87.06384424889039
120,0.29166666666666663,0.25,28.691864813360915,84.34258104751379
120,0.29166666666666663,0.29166666666666663,10.676574170248143,87.46742875298575
120,0.29166666666666663,0.3333333333333333,0.0,89.96668932203053
120,0.29166666666666663,0.375,4.08715954303184,87.13286843387738
120,0.29166666666666663,0.41666666666666663,3.2444411643796216,84.26866295256993
120,0.29166666666666663,0.4583333333333333,3.8101239290278066,86.09344709431156
120,0.29166666666666663,0.5,0.0,85.23632354313636
120,0.29166666666666663,0.5416666666666666,0.0,88.7655198308501
120,0.29166666666666663,0.5833333333333333,4.638208133942613,86.78329533140915
120,0.29166666666666663,0.625,5.977099714646851,86.89456869487573
120,0.29166666666666663,0.6666666666666666,7.5735459739843325,86.15699744877776
120,0.29166666666666663,0.7083333333333333,8.383476924882288,86.3142273804287
120,0.29166666666666663,0.75,10.118284034535801,89.90364302645663
120,0.29166666666666663,0.7916666666666666,36.526403060098446,89.14280403274518
120,0.29166666666666663,0.8333333333333333,50.83719576193167,89.91875071038078
120,0.29166666666666663,0.875,82.3221296769033,87.31940391930986
120,0.29166666666666663,0.9166666666666666,93.29509024881968,88.5815040066987
120,0.29166666666666663,0.9583333333333333,99.87052734321068,88.4736504267128
120,0.29166666666666663,1.0,95.40193522577205,84.72302465794017
120,0.3333333333333333,0.0,98.3365969757628,90.42007977698061
120,0.3333333333333333,0.041666666666666664,102.87262916635916,91.96711521405514
120,0.3333333333333333,0.08333333333333333,90.5491047769502,85.8437787235853
120,0.3333333333333333,0.125,73.14850105317599,88.73994025980414
120,0.3333333333333333,0.16666666666666666,38.29431032534482,90.93195419736732
120,0.3333333333333333,0.20833333333333331,25.066519337819393,90.93757465259426
120,0.3333333333333333,0.25,11.74638584975622,89.47810739207794
120,0.3333333333333333,0.29166666666666663,7.4186551304216986,92.28823644020363
120,0.3333333333333333,0.3333333333333333,3.5092778305156727,91.03954239895126
120,0.3333333333333333,0.375,1.1118028777715687,90.78295925378764
120,0.3333333333333333,0.41666666666666663,5.360171645200632,86.3902673852444
120,0.3333333333333333,0.4583333333333333,0.0,89.17797238663128
120,0.3333333333333333,0.5,0.0,86.61319294006171
120,0.3333333333333333,0.5416666666666666,0.0,86.58977538855926
120,0.3333333333333333,0.5833333333333333,0.0,92.92970389723486
120,0.3333333333333333,0.625,0.0,90.89149602983807
120,0.3333333333333333,0.6666666666666666,7.849340374464885,90.80724218710557
120,0.3333333333333333,0.7083333333333333,4.107615346207446,90.46384964300512
120,0.3333333333333333,0.75,17.19584004537386,89.12128077706977
120,0.3333333333333333,0.7916666666666666,20.10557184344318,89.85262384799374
120,0.3333333333333333,0.8333333333333333,50.10832324525768,85.23207514071999
120,0.3333333333333333,0.875,72.05278842969015,89.88711405516099
120,0.3333333333333333,0.9166666666666666,89.88838193417483,87.84648661484702
120,0.3333333333333333,0.9583333333333333,100.27824702613235,87.48062070195337
120,0.3333333333333333,1.0,98.19924846367212,87.55174568274244
120,0.375,0.0,104.631723563609,93.96006351644449
120,0.375,0.041666666666666664,104.74557839556545,90.44613563609234
120,0.375,0.08333333333333333,76.6302031273757,94.04984709633287
120,0.375,0.125,52.89718861774833,90.7098044493427
120,0.375,0.16666666666666666,33.27071139594662,90.55266462036595
120,0.375,0.20833333333333331,16.27900187216578,91.0743482980527
120,0.375,0.25,16.67232760685664,92.08190179647698
120,0.375,0.29166666666666663,7.848067426693721,91.47575253883608
120,0.375,0.3333333333333333,2.3408398045927967,92.30458874379514
120,0.375,0.375,2.66665303917288,86.68435555384278
120,0.375,0.41666666666666663,2.4184069928192304,94.55582251625336
120,0.375,0.4583333333333333,1.1497470884467451,92.01260053234861
120,0.375,0.5,0.0,92.34340456882789
120,0.375,0.5416666666666666,2.7646462637299365,93.57648152112584
120,0.375,0.5833333333333333,0.0,94.16686054933038
120,0.375,0.625,7.861733837935118,92.30712372757735
120,0.375,0.6666666666666666,1.3901940039949467,90.96215200344294
120,0.375,0.7083333333333333,11.755108013964879,90.33212887811038
120,0.375,0.75,6.034132510423603,91.08488735243613
120,0.375,0.7916666666666666,23.629811350711535,91.88689352789231
120,0.375,0.8333333333333333,33.99135902494841,90.99744973375249
120,0.375,0.875,61.42669388692663,92.03789956495525
120,0.375,0.9166666666666666,78.8248335523737,94.67481578147988
120,0.375,0.9583333333333333,96.47930010421406,93.88460360180322
120,0.375,1.0,98.37329003007001,90.8712908146276
120,0.41666666666666663,0.0,94.95694089878138,93.97457406958841
120,0.41666666666666663,0.041666666666666664,91.00054361054343,93.0455009233363
120,0.41666666666666663,0.08333333333333333,79.24410670037513,92.7011869763329
120,0.41666666666666663,0.125,49.229455720233105,93.09149210886437
120,0.41666666666666663,0.16666666666666666,24.90753456317555,93.52915162614643
120,0.41666666666666663,0.20833333333333331,21.412848229201877,94.9035162096033
120,0.41666666666666663,0.25,0.0,91.83192984553212
120,0.41666666666666663,0.29166666666666663,7.646892679946511,91.15974164344358
120,0.41666666666666663,0.3333333333333333,0.0,90.59091626202925
120,0.41666666666666663,0.375,0.0,90.64235849633918
120,0.41666666666666663,0.41666666666666663,0.0,92.93756476062491
120,0.41666666666666663,0.4583333333333333,1.8882070422541928,93.86620663115778
120,0.41666666666666663,0.5,0.0,93.96653130005961
120,0.41666666666666663,0.5416666666666666,3.1194553462609367,91.4558125984945
120,0.41666666666666663,0.5833333333333333,0.0,91.35568133166963
120,0.41666666666666663,0.625,0.0,94.836521454127
120,0.41666666666666663,0.6666666666666666,0.0,92.93214952034677
120,0.41666666666666663,0.7083333333333333,4.763375352413906,96.49831053112732
120,0.41666666666666663,0.75,0.9613795910036282,95.29116029859198
120,0.41666666666666663,0.7916666666666666,15.451324181326108,95.6266983025147
120,0.41666666666666663,0.8333333333333333,25.321254964025364,93.23072870679938
120,0.41666666666666663,0.875,47.36885952812275,91.85343263183242
120,0.41666666666666663,0.9166666666666666,75.61318459767082,91.7634492562757
120,0.41666666666666663,0.9583333333333333,92.46224853488532,96.41841551799348
120,0.41666666666666663,1.0,96.67221360565465,92.94937940612468
120,0.4583333333333333,0.0,100.49716613421263,90.72314454314572
120,0.4583333333333333,0.041666666666666664,90.56132207647227,95.80927730046744
120,0.4583333333333333,0.08333333333333333,68.0709358866784,94.89941305094062
120,0.4583333333333333,0.125,49.93985905708266,92.91658571096724
120,0.4583333333333333,0.16666666666666666,25.046575934767713,91.18922341624244
120,0.4583333333333333,0.20833333333333331,11.824193010204393,90.34016542747915
120,0.4583333333333333,0.25,14.293071041421669,93.36560967272987
120,0.4583333333333333,0.29166666666666663,12.507564154583902,93.04350069529218
120,0.4583333333333333,0.3333333333333333,0.0,97.17392705847459
120,0.4583333333333333,0.375,0.0,94.29331649037378
120,0.4583333333333333,0.41666666666666663,3.722936416735988,95.56293074445915
120,0.4583333333333333,0.4583333333333333,0.0,95.29236796922441
120,0.4583333333333333,0.5,6.8499537381611635,92.88266916400143
120,0.4583333333333333,0.5416666666666666,0.45370573494428607,92.75808777006038
120,0.4583333333333333,0.5833333333333333,0.0,95.20747865199837
120,0.4583333333333333,0.625,10.045527184448812,94.18529672097947
120,0.4583333333333333,0.6666666666666666,0.0,95.37256069041258
120,0.4583333333333333,0.7083333333333333,2.6307270009653942,98.2258146693761
120,0.4583333333333333,0.75,3.0160839178105574,92.96805130174486
120,0.4583333333333333,0.7916666666666666,13.880173864619785,90.70555313416043
120,0.4583333333333333,0.8333333333333333,27.393005232151413,94.84045857170373
120,0.4583333333333333,0.875,47.727248308044004,93.91295577174907
120,0.4583333333333333,0.9166666666666666,65.72441584555727,92.29240903869706
120,0.4583333333333333,0.9583333333333333,90.71350452231005,96.55873509371439
120,0.4583333333333333,1.0,101.9268669794404,91.37832602809239
120,0.5,0.0,105.0,93.46342365691389
120,0.5,0.041666666666666664,89.81148210123128,94.7758639764977
120,0.5,0.08333333333333333,75.08957303529064,92.48784200153422
120,0.5,0.125,40.167146171563274,98.91342387770094
120,0.5,0.16666666666666666,24.054118999326707,92.8998330260584
120,0.5,0.20833333333333331,6.648041558779009,96.07912043984632
120,0.5,0.25,10.107567138283297,96.37528637647496
120,0.5,0.29166666666666663,0.0,92.01675907348768
120,0.5,0.3333333333333333,9.678323457758392,92.4689098031863
120,0.5,0.375,0.0,94.4121326030772
120,0.5,0.41666666666666663,0.0,96.25454942710354
120,0.5,0.4583333333333333,1.2406034247700306,93.91177209856565
120,0.5,0.5,0.27225650915474864,93.13790089740792
120,0.5,0.5416666666666666,2.016469611970153,96.78922099750295
120,0.5,0.5833333333333333,0.6320362397441875,94.34802810243136
120,0.5,0.625,1.3329861186179814,95.3457001062421
120,0.5,0.6666666666666666,0.0,93.05781875511184
120,0.5,0.7083333333333333,0.0,95.79159267247783
120,0.5,0.75,12.12176535357004,96.24461781036696
120,0.5,0.7916666666666666,12.547296195770144,92.81379487008464
120,0.5,0.8333333333333333,20.276997328070927,90.91374437611567
120,0.5,0.875,46.57053858127473,96.33916829136363
120,0.5,0.9166666666666666,71.92184318409926,98.91774658187025
120,0.5,0.9583333333333333,91.86032057584514,95.24914087118314
120,0.5,1.0,101.1075818208565,96.08445247106431
120,0.5416666666666666,0.0,100.9366336760172,95.78925145316309
120,0.5416666666666666,0.041666666666666664,93.24106120810309,96.31303173316512
120,0.5416666666666666,0.08333333333333333,65.49104576489738,94.63318105323222
120,0.5416666666666666,0.125,42.31890917568468,92.74810540829277
120,0.5416666666666666,0.16666666666666666,29.779104269190064,93.6546038239448
120,0.5416666666666666,0.20833333333333331,19.212475323007556,92.35451237795289
120,0.5416666666666666,0.25,6.266178288606665,97.95208548756156
120,0.5416666666666666,0.29166666666666663,0.0,94.58623523768631
120,0.5416666666666666,0.3333333333333333,0.0,93.95794492114585
120,0.5416666666666666,0.375,2.739790736834038,97.09934373468482
120,0.5416666666666666,0.41666666666666663,0.0,93.69986784265303
120,0.5416666666666666,0.4583333333333333,4.361232977605372,90.19474231153924
120,0.5416666666666666,0.5,6.797645901397058,94.22336782283345
120,0.5416666666666666,0.5416666666666666,0.10679322909212274,95.6381980156727
120,0.5416666666666666,0.5833333333333333,0.0,93.60087202191875
120,0.5416666666666666,0.625,2.958195683862664,92.85364660169391
120,0.5416666666666666,0.6666666666666666,5.831262456899665,99.8516422571017
120,0.5416666666666666,0.7083333333333333,0.9773345848402686,91.56127511659928
120,0.5416666666666666,0.75,11.304584659204256,93.20012222187782
120,0.5416666666666666,0.7916666666666666,5.121763052456096,95.90491013615103
120,0.5416666666666666,0.8333333333333333,26.80795772769079,93.59715213127762
120,0.5416666666666666,0.875,50.04109893363251,98.02131728996478
120,0.5416666666666666,0.9166666666666666,73.3020049825343,92.45488790129772
120,0.5416666666666666,0.9583333333333333,87.63079743087371,92.2950530972271
120,0.5416666666666666,1.0,105.0,96.27597572829612
120,0.5833333333333333,0.0,101.9564343192124,92.64911054399101
120,0.5833333333333333,0.041666666666666664,98.48582387384984,95.08981458175279
120,0.5833333333333333,0.08333333333333333,80.82767493244408,95.17696175734648
120,0.5833333333333333,0.125,53.0011866228126,92.49160569116793
120,0.5833333333333333,0.16666666666666666,31.211561141678082,90.61228598490374
120,0.5833333333333333,0.20833333333333331,15.341541322497674,95.37754513791047
120,0.5833333333333333,0.25,2.818790441509993,90.46908018072747
120,0.5833333333333333,0.29166666666666663,8.969745444572824,92.55774873209225
120,0.5833333333333333,0.3333333333333333,3.8768770903862153,96.15571285582779
120,0.5833333333333333,0.375,0.0,94.29881963816683
120,0.5833333333333333,0.41666666666666663,0.0,95.1149717216988
120,0.5833333333333333,0.4583333333333333,1.6199297855503263,93.73811415333462
120,0.5833333333333333,0.5,0.8687610856099296,96.01880413114725
120,0.5833333333333333,0.5416666666666666,7.134906353819903,95.18722181475104
120,0.5833333333333333,0.5833333333333333,0.0,97.68537081226476
120,0.5833333333333333,0.625,0.4362826496134353,91.81685434816522
120,0.5833333333333333,0.6666666666666666,0.0,93.08028397488931
120,0.5833333333333333,0.7083333333333333,0.0,89.58545785850778
120,0.5833333333333333,0.75,6.704183971212137,93.80448015702925
120,0.5833333333333333,0.7916666666666666,11.321510673501415,91.46418321592218
120,0.5833333333333333,0.8333333333333333,26.83594717662232,91.51574147546026
120,0.5833333333333333,0.875,47.18815686174119,92.73900616835066
120,0.5833333333333333,0.9166666666666666,71.27270221629142,95.14609775497367
120,0.5833333333333333,0.9583333333333333,88.45102769971564,90.9104995053317
120,0.5833333333333333,1.0,91.47599976998508,93.61639376115549
120,0.625,0.0,104.47943826627483,96.10137787289953
120,0.625,0.041666666666666664,94.66934073868181,93.1352730915695
120,0.625,0.08333333333333333,81.409475620413,92.17024924115054
120,0.625,0.125,53.62371363017443,89.41241890001241
120,0.625,0.16666666666666666,38.07609419981441,89.60254432784969
120,0.625,0.20833333333333331,21.206995371558737,89.40195948203356
120,0.625,0.25,3.47616229675571,89.72855254335629
120,0.625,0.29166666666666663,5.96293621890611,90.87880535601394
120,0.625,0.3333333333333333,2.111149443715151,92.07805510486489
120,0.625,0.375,0.0,94.08361015313342
120,0.625,0.41666666666666663,0.0,93.14312559449428
120,0.625,0.4583333333333333,3.9847189838921158,92.74113290205038
120,0.625,0.5,0.393057277057606,92.77077637448696
120,0.625,0.5416666666666666,0.0,91.86063544962448
120,0.625,0.5833333333333333,0.0,91.18341882451118
120,0.625,0.625,0.0,92.11321681216988
120,0.625,0.6666666666666666,5.521955080626599,92.11238707150626
120,0.625,0.7083333333333333,4.017248368393609,94.05241578056186
120,0.625,0.75,14.532736069668672,92.12701565731835
120,0.625,0.7916666666666666,10.880845897553316,93.57308846672736
120,0.625,0.8333333333333333,36.6409551911495,90.67771058432581
120,0.625,0.875,60.75350923725317,91.78531390373146
120,0.625,0.9166666666666666,81.54578802472894,91.01807587622912
120,0.625,0.9583333333333333,90.54632309932305,91.06406276610547
120,0.625,1.0,91.8302951127152,92.17622550335899
120,0.6666666666666666,0.0,93.9342248538985,88.85726492950454
120,0.6666666666666666,0.041666666666666664,94.58444967953521,90.24425574282239
120,0.6666666666666666,0.08333333333333333,87.81648255658146,87.74401194434023
120,0.6666666666666666,0.125,68.78513885399954,90.4475428448827
120,0.6666666666666666,0.16666666666666666,44.38818023135508,92.93839239108362
120,0.6666666666666666,0.20833333333333331,23.17347897652565,85.34977587605154
120,0.6666666666666666,0.25,14.369555368875043,92.16296072021869
120,0.6666666666666666,0.29166666666666663,5.417830742580895,91.47299101787183
120,0.6666666666666666,0.3333333333333333,0.0,93.29643648980836
120,0.6666666666666666,0.375,0.0,90.52767424918412
120,0.6666666666666666,0.41666666666666663,7.71737195571202,92.54660619580196
120,0.6666666666666666,0.4583333333333333,3.3647465135982486,91.18793547762648
120,0.6666666666666666,0.5,0.0,90.07709911597745
120,0.6666666666666666,0.5416666666666666,0.5384650504152089,91.69520702904413
120,0.6666666666666666,0.5833333333333333,2.795987392205969,89.73095835046628
120,0.6666666666666666,0.625,0.0,90.42091979816462
120,0.6666666666666666,0.6666666666666666,0.0,88.56069916263456
120,0.6666666666666666,0.7083333333333333,5.6723679086837056,89.64419155045157
120,0.6666666666666666,0.75,12.010548951375807,87.98059920284037
120,0.6666666666666666,0.7916666666666666,32.832913048216994,88.81015456456831
120,0.6666666666666666,0.8333333333333333,44.95490390722792,92.64184938616815
120,0.6666666666666666,0.875,68.13603344482365,88.03727817663464
120,0.6666666666666666,0.9166666666666666,83.23772224316558,88.87258568409688
120,0.6666666666666666,0.9583333333333333,97.16653150007431,91.79877800302081
120,0.6666666666666666,1.0,93.83085148742494,88.97452736265566
120,0.7083333333333333,0.0,97.67946003160704,84.5757773447857
120,0.7083333333333333,0.041666666666666664,97.43360913255624,86.75976595194716
120,0.7083333333333333,0.08333333333333333,88.00076626053797,88.09177024671821
120,0.7083333333333333,0.125,80.35342627722906,86.14661813596453
120,0.7083333333333333,0.16666666666666666,52.02653275509946,87.75369363928999
120,0.7083333333333333,0.20833333333333331,34.669853585606624,87.71703135381966
120,0.7083333333333333,0.25,23.450784378101755,86.17530383902167
120,0.7083333333333333,0.29166666666666663,9.88736568495224,85.31797406177715
120,0.7083333333333333,0.3333333333333333,11.724893608920794,86.42159500365442
120,0.7083333333333333,0.375,0.0,85.86220063169975
120,0.7083333333333333,0.41666666666666663,0.0,88.19515467064676
120,0.7083333333333333,0.4583333333333333,0.0,87.02331399914739
120,0.7083333333333333,0.5,1.6249839193364644,81.07279711315701
120,0.7083333333333333,0.5416666666666666,2.2223333491528874,87.73646357100407
120,0.7083333333333333,0.5833333333333333,6.389214028849489,87.34797212124964
120,0.7083333333333333,0.625,0.0,83.79461476509324
120,0.7083333333333333,0.6666666666666666,0.0,86.66749772052383
120,0.7083333333333333,0.7083333333333333,9.121121302497599,84.02821933521669
120,0.7083333333333333,0.75,20.89701595901416,90.56117001867983
120,0.7083333333333333,0.7916666666666666,39.0508937168845,91.7753440252289
120,0.7083333333333333,0.8333333333333333,63.9341724089975,87.14935865510124
120,0.7083333333333333,0.875,74.56617673640265,87.25618365495102
120,0.7083333333333333,0.9166666666666666,90.75324009014395,85.99875067868373
120,0.7083333333333333,0.9583333333333333,104.63221948713479,89.62881493901745
120,0.7083333333333333,1.0,93.51554661591553,86.34377722488233
120,0.75,0.0,89.51811903235406,86.49683867189904
120,0.75,0.041666666666666664,93.51508961687307,87.09406197458023
120,0.75,0.08333333333333333,97.24676237962245,85.14021267514492
120,0.75,0.125,91.11093228708195,81.81405038136897
120,0.75,0.16666666666666666,73.43510360846096,84.59790694742318
120,0.75,0.20833333333333331,47.064408071663294,83.50382694765091
120,0.75,0.25,36.00347988010684,85.35679281160573
120,0.75,0.29166666666666663,22.69362059059188,82.8359152245868
120,0.75,0.3333333333333333,18.477599848852243,80.97767692244254
120,0.75,0.375,11.29481961492308,82.02242054587818
120,0.75,0.41666666666666663,0.0,84.44564817491427
120,0.75,0.4583333333333333,4.138792621272065,85.04070332578075
120,0.75,0.5,0.4550175001584038,84.44045916397097
120,0.75,0.5416666666666666,2.780040349928302,86.20543693269914
120,0.75,0.5833333333333333,8.773819725054098,86.9190660528673
120,0.75,0.625,1.9963404316673872,82.1939813024703
120,0.75,0.6666666666666666,12.986765019783657,84.57546692645948
120,0.75,0.7083333333333333,28.098905228386958,84.13514357281467
120,0.75,0.75,29.610377692370232,86.220753960081
120,0.75,0.7916666666666666,50.045845005017995,80.44543297672055
120,0.75,0.8333333333333333,75.66468545358835,80.72401025386453
120,0.75,0.875,87.96775202405726,83.59832881961121
120,0.75,0.9166666666666666,98.91630564877416,83.55063412401584
120,0.75,0.9583333333333333,96.72571817013002,83.90734474355446
120,0.75,1.0,88.09036371585304,84.55738707243812
120,0.7916666666666666,0.0,64.1323361946066,78.41785066317453
120,0.7916666666666666,0.041666666666666664,87.38478549461584,82.17248900864057
120,0.7916666666666666,0.08333333333333333,99.09810438013804,81.07403538969602
120,0.7916666666666666,0.125,93.87571831402602,81.16288080668173
120,0.7916666666666666,0.16666666666666666,87.14841122702583,77.57254497445324
120,0.7916666666666666,0.20833333333333331,68.9190016923214,82.3053329588757
120,0.7916666666666666,0.25,49.67298078640202,82.10010929418328
120,0.7916666666666666,0.29166666666666663,31.169814743730505,80.25982818423988
120,0.7916666666666666,0.3333333333333333,21.900657005538285,80.8310329002487
120,0.7916666666666666,0.375,19.771741348325584,77.86171979281009
120,0.7916666666666666,0.41666666666666663,9.375371330745555,82.62538993744344
120,0.7916666666666666,0.4583333333333333,14.496957899319646,80.8642159951817
120,0.7916666666666666,0.5,8.596157157128776,78.80108596101952
120,0.7916666666666666,0.5416666666666666,22.46283996282299,82.02760579556137
120,0.7916666666666666,0.5833333333333333,16.029853873730943,83.89200566564173
120,0.7916666666666666,0.625,20.296842971889077,80.11317771428706
120,0.7916666666666666,0.6666666666666666,24.689367868306014,80.86559935305087
120,0.7916666666666666,0.7083333333333333,35.52073216404147,78.72703309653826
120,0.7916666666666666,0.75,50.188652025295625,81.27932085885202
120,0.7916666666666666,0.7916666666666666,71.43749456384168,80.66750078095282
120,0.7916666666666666,0.8333333333333333,82.62812476980389,78.59184556199061
120,0.7916666666666666,0.875,99.21473582669685,82.62458638711709
120,0.7916666666666666,0.9166666666666666,97.27460389541992,80.00689243309535
120,0.7916666666666666,0.9583333333333333,100.19661693282221,81.25558204243896
120,0.7916666666666666,1.0,74.00211686029654,82.09516893994031
120,0.8333333333333333,0.0,60.06354048440227,72.41915759087493
120,0.8333333333333333,0.041666666666666664,78.54310681243798,79.56931759445189
120,0.8333333333333333,0.08333333333333333,102.68029985137603,78.6381572360329
120,0.8333333333333333,0.125,97.42670687605282,83.78559426712864
120,0.8333333333333333,0.16666666666666666,98.64848888225143,79.31657745712249
120,0.8333333333333333,0.20833333333333331,78.18403346168003,78.02426269595095
120,0.8333333333333333,0.25,66.98833791209037,78.2717080550274
120,0.8333333333333333,0.29166666666666663,58.383751227266046,79.02221972420675
120,0.8333333333333333,0.3333333333333333,38.736471768881756,77.57644695119876
120,0.8333333333333333,0.375,37.87304904430076,80.5427465516144
120,0.8333333333333333,0.41666666666666663,29.784675862579107,76.49598859883913
120,0.8333333333333333,0.4583333333333333,30.309328196696725,74.71367248998209
120,0.8333333333333333,0.5,20.91871573968595,76.4515045235602
120,0.8333333333333333,0.5416666666666666,25.483997571946567,76.78221075934589
120,0.8333333333333333,0.5833333333333333,26.459791114252702,76.70707656308304
120,0.8333333333333333,0.625,29.10847586046038,75.68239514969426
120,0.8333333333333333,0.6666666666666666,39.01541382500198,77.4260166767129
120,0.8333333333333333,0.7083333333333333,57.01557958966806,78.72741510588293
120,0.8333333333333333,0.75,63.85589560511031,73.58428937998913
120,0.8333333333333333,0.7916666666666666,82.55423876973877,79.00128785188683
120,0.8333333333333333,0.8333333333333333,97.25595533511473,77.63147000346393
120,0.8333333333333333,0.875,96.0740951146106,79.64644171338934
120,0.8333333333333333,0.9166666666666666,91.52310017150225,82.23524345156724
120,0.8333333333333333,0.9583333333333333,81.2137364420422,81.63349963086605
120,0.8333333333333333,1.0,57.996012677786496,77.86541213435925
120,0.875,0.0,47.40461043005458,73.61423353928778
120,0.875,0.041666666666666664,65.22271948540637,78.30670379036658
120,0.875,0.08333333333333333,85.43600999347474,74.8242134086115
120,0.875,0.125,93.37951081066572,75.20449170462635
120,0.875,0.16666666666666666,95.55796668156482,72.4260669938643
120,0.875,0.20833333333333331,93.90273327920252,74.77616897926997
120,0.875,0.25,84.13789334245827,72.12863459535632
120,0.875,0.29166666666666663,80.06846968302115,71.02300728493042
120,0.875,0.3333333333333333,63.96788682356429,74.6447113827213
120,0.875,0.375,51.35965240499432,77.42174390158077
120,0.875,0.41666666666666663,50.259422902279255,79.01715161790459
120,0.875,0.4583333333333333,51.62589261394538,73.78133840964199
120,0.875,0.5,39.97425118692016,72.59224371358275
120,0.875,0.5416666666666666,44.1629739969844,74.34734036586424
120,0.875,0.5833333333333333,53.01547376652861,77.07187020433035
120,0.875,0.625,48.87566177824275,78.03223758797868
120,0.875,0.6666666666666666,70.89020083765116,73.35253768233919
120,0.875,0.7083333333333333,79.23942982391789,75.1051857327423
120,0.875,0.75,83.65136455282041,72.85029971302424
120,0.875,0.7916666666666666,100.00537650312188,73.94185194762784
120,0.875,0.8333333333333333,100.00271653912321,71.09624260879346
120,0.875,0.875,90.02739953412204,73.09185618539314
120,0.875,0.9166666666666666,81.585260731198,74.49041872083522
120,0.875,0.9583333333333333,64.10827312159329,77.56713301717427
120,0.875,1.0,39.228423227923344,74.90936526291691
120,0.9166666666666666,0.0,35.86761440469916,71.44683946222638
120,0.9166666666666666,0.041666666666666664,49.940817137704514,71.8997372936874
120,0.9166666666666666,0.08333333333333333,68.96349723426798,71.76332580525124
120,0.9166666666666666,0.125,81.66624619764127,74.42890419475019
120,0.9166666666666666,0.16666666666666666,103.44953988189903,74.40871914560542
120,0.9166666666666666,0.20833333333333331,105.0,69.12770255596338
120,0.9166666666666666,0.25,100.40414748002375,72.39557837652372
120,0.9166666666666666,0.29166666666666663,96.64451630175931,73.71200526375263
120,0.9166666666666666,0.3333333333333333,84.07671280578916,69.52005393326527
120,0.9166666666666666,0.375,73.96931937190955,73.37013217008281
120,0.9166666666666666,0.41666666666666663,61.70428879553094,70.84853516288754
120,0.9166666666666666,0.4583333333333333,69.53392580098989,70.16084640522381
120,0.9166666666666666,0.5,73.59781423257812,71.08764248417742
120,0.9166666666666666,0.5416666666666666,67.51816690216373,71.81387450070909
120,0.9166666666666666,0.5833333333333333,79.83404244200815,71.56582002124303
120,0.9166666666666666,0.625,76.95241600374875,72.19715715927234
120,0.9166666666666666,0.6666666666666666,88.00573052078691,72.77362449613081
120,0.9166666666666666,0.7083333333333333,105.0,71.17512119566429
120,0.9166666666666666,0.75,99.5760287631203,73.72241512436776
120,0.9166666666666666,0.7916666666666666,95.72873650900306,69.04769465171928
120,0.9166666666666666,0.8333333333333333,90.2288810372976,72.89371969996664
120,0.9166666666666666,0.875,87.20675320882884,71.46088387698053
120,0.9166666666666666,0.9166666666666666,64.97681325410483,71.93870111168157
120,0.9166666666666666,0.9583333333333333,50.38485671791418,69.8494363476291
120,0.9166666666666666,1.0,34.903282632949875,70.51148382861425
120,0.9583333333333333,0.0,27.38738069089677,68.15936174009566
120,0.9583333333333333,0.041666666666666664,32.06071292500002,70.53000628541768
120,0.9583333333333333,0.08333333333333333,48.6994162747236,67.96343577643981
120,0.9583333333333333,0.125,66.39790760138466,69.99100200830459
120,0.9583333333333333,0.16666666666666666,85.28801651774371,68.75540267539294
120,0.9583333333333333,0.20833333333333331,86.81072538438072,70.16654326672943
120,0.9583333333333333,0.25,101.3223048021224,67.1207267065208
120,0.9583333333333333,0.29166666666666663,102.88387978800114,66.8702998842531
120,0.9583333333333333,0.3333333333333333,105.0,71.82268070134886
120,0.9583333333333333,0.375,96.72129999389416,72.46057978010607
120,0.9583333333333333,0.41666666666666663,94.35165358657962,64.54650244581826
120,0.9583333333333333,0.4583333333333333,89.65660665304178,66.53249030054685
120,0.9583333333333333,0.5,89.51359909992034,65.52447773645832
120,0.9583333333333333,0.5416666666666666,95.55134685021457,68.29926091405541
120,0.9583333333333333,0.5833333333333333,98.74528188936536,70.51924776148593
120,0.9583333333333333,0.625,93.7486523988977,68.22380408494719
120,0.9583333333333333,0.6666666666666666,105.0,66.23215185614659
120,0.9583333333333333,0.7083333333333333,101.39317410837381,72.35920903296237
120,0.9583333333333333,0.75,96.391280844605,68.87282717509007
120,0.9583333333333333,0.7916666666666666,98.32381935065871,70.60839879086474
120,0.9583333333333333,0.8333333333333333,83.00047564242436,71.28348639379604
120,0.9583333333333333,0.875,63.765808547973066,66.44124211879011
120,0.9583333333333333,0.9166666666666666,43.09612705401539,68.38688094732937
120,0.9583333333333333,0.9583333333333333,40.1055061044755,65.65270184624602
120,0.9583333333333333,1.0,17.542933837905853,65.75902539948999
120,1.0,0.0,11.94473145143612,63.38162868280615
120,1.0,0.041666666666666664,14.890592088284276,64.43703250538162
120,1.0,0.08333333333333333,36.90251267903209,64.53025066462665
120,1.0,0.125,46.79024139405793,61.31903815634557
120,1.0,0.16666666666666666,60.67845309194744,65.76653448326283
120,1.0,0.20833333333333331,70.54218678673806,66.1533791025021
120,1.0,0.25,81.59824167433577,66.46899785241187
120,1.0,0.29166666666666663,88.20005865893808,65.11950416074721
120,1.0,0.3333333333333333,94.72622745724406,65.8795683047001
120,1.0,0.375,100.19211456239877,66.9701679968229
120,1.0,0.41666666666666663,102.76349945769256,66.88108867322353
120,1.0,0.4583333333333333,92.9984426465174,66.2476861742237
120,1.0,0.5,97.33908908876343,68.08582597345631
120,1.0,0.5416666666666666,104.2283290685571,68.01956456966448
120,1.0,0.5833333333333333,101.78126116256904,67.22876794407081
120,1.0,0.625,96.38225705939428,66.28252466085371
120,1.0,0.6666666666666666,97.06886109065923,64.70165580072661
120,1.0,0.7083333333333333,90.25822850172611,65.06552476952528
120,1.0,0.75,88.85398024339315,68.85499780214482
120,1.0,0.7916666666666666,67.98887737670881,65.0032506141412
120,1.0,0.8333333333333333,57.32848227394899,67.37287977553353
120,1.0,0.875,46.996823446831414,66.74655837368762
120,1.0,0.9166666666666666,32.048980268066174,65.2897209128284
120,1.0,0.9583333333333333,12.989253323886246,67.79053619798263
120,1.0,1.0,5.986606554862337,65.52269116907428
